"Año","Cantidad","Sector Económico","Estados empresas","Cantidad de empleos","Activos (Miles)"
"2.002","0","Agropecuarias","Cambio de Domicilio, empresas que se fueron de Sabaneta","248","16.847.200"
"2.002","0","Minas y canteras","Cambio de Domicilio, empresas que se fueron de Sabaneta","248","16.847.200"
"2.002","2","Manufactureras","Cambio de Domicilio, empresas que se fueron de Sabaneta","248","16.847.200"
"2.002","0","Electricidad, Gas y vapor","Cambio de Domicilio, empresas que se fueron de Sabaneta","248","16.847.200"
"2.002","1","Construcción","Cambio de Domicilio, empresas que se fueron de Sabaneta","248","16.847.200"
"2.002","3","Comercio","Cambio de Domicilio, empresas que se fueron de Sabaneta","248","16.847.200"
"2.002","0","Transporte, Comunicaciones","Cambio de Domicilio, empresas que se fueron de Sabaneta","248","16.847.200"
"2.002","1","Seguros y Finanzas","Cambio de Domicilio, empresas que se fueron de Sabaneta","248","16.847.200"
"2.002","7","Agropecuarias","Empresas Canceladas (Personas Naturales y Establecimientos de Comercio)","687","117.353.400"
"2.002","0","Minas y canteras","Empresas Canceladas (Personas Naturales y Establecimientos de Comercio)","687","117.353.400"
"2.002","51","Manufactureras","Empresas Canceladas (Personas Naturales y Establecimientos de Comercio)","687","117.353.400"
"2.002","2","Electricidad, Gas y vapor","Empresas Canceladas (Personas Naturales y Establecimientos de Comercio)","687","117.353.400"
"2.002","5","Construcción","Empresas Canceladas (Personas Naturales y Establecimientos de Comercio)","687","117.353.400"
"2.002","210","Comercio","Empresas Canceladas (Personas Naturales y Establecimientos de Comercio)","687","117.353.400"
"2.002","0","Transporte, Comunicaciones","Empresas Canceladas (Personas Naturales y Establecimientos de Comercio)","687","117.353.400"
"2.002","9","Seguros y Finanzas","Empresas Canceladas (Personas Naturales y Establecimientos de Comercio)","687","117.353.400"
"2.002","27","Servicios","Empresas Canceladas (Personas Naturales y Establecimientos de Comercio)","687","117.353.400"
"2.002","11","Agropecuarias","Sociedades Renovadas","10.143","910.881.000"
"2.002","1","Minas y canteras","Sociedades Renovadas","10.143","910.881.000"
"2.002","137","Manufactureras","Sociedades Renovadas","10.143","910.881.000"
"2.002","0","Electricidad, Gas y vapor","Sociedades Renovadas","10.143","910.881.000"
"2.002","38","Construcción","Sociedades Renovadas","10.143","910.881.000"
"2.002","86","Comercio","Sociedades Renovadas","10.143","910.881.000"
"2.002","22","Transporte, Comunicaciones","Sociedades Renovadas","10.143","910.881.000"
"2.002","62","Seguros y Finanzas","Sociedades Renovadas","10.143","910.881.000"
"2.002","20","Servicios","Sociedades Renovadas","10.143","910.881.000"
"2.002","0","Agropecuarias","Sociedades Constituidas","169","2.527.400"
"2.002","0","Minas y canteras","Sociedades Constituidas","169","2.527.400"
"2.002","0","Manufactureras","Sociedades Constituidas","169","2.527.400"
"2.002","18","Electricidad, Gas y vapor","Sociedades Constituidas","169","2.527.400"
"2.002","3","Construcción","Sociedades Constituidas","169","2.527.400"
"2.002","29","Comercio","Sociedades Constituidas","169","2.527.400"
"2.002","4","Transporte, Comunicaciones","Sociedades Constituidas","169","2.527.400"
"2.002","15","Seguros y Finanzas","Sociedades Constituidas","169","2.527.400"
"2.002","1","Servicios","Sociedades Constituidas","169","2.527.400"
"2.002","0","Agropecuarias","Cambio de Domicilio, empresas que llegan a Sabaneta","223","22.192.700"
"2.002","0","Minas y canteras","Cambio de Domicilio, empresas que llegan a Sabaneta","223","22.192.700"
"2.002","9","Manufactureras","Cambio de Domicilio, empresas que llegan a Sabaneta","223","22.192.700"
"2.002","0","Electricidad, Gas y vapor","Cambio de Domicilio, empresas que llegan a Sabaneta","223","22.192.700"
"2.002","1","Construcción","Cambio de Domicilio, empresas que llegan a Sabaneta","223","22.192.700"
"2.002","6","Comercio","Cambio de Domicilio, empresas que llegan a Sabaneta","223","22.192.700"
"2.002","0","Transporte, Comunicaciones","Cambio de Domicilio, empresas que llegan a Sabaneta","223","22.192.700"
"2.002","4","Seguros y Finanzas","Cambio de Domicilio, empresas que llegan a Sabaneta","223","22.192.700"
"2.002","0","Servicios","Cambio de Domicilio, empresas que llegan a Sabaneta","223","22.192.700"
"2.002","0","Servicios","Cambio de Domicilio, empresas que se fueron de Sabaneta","248","16.847.200"
"2.002","2","Agropecuarias","Empresas Liquidadas (Sociedades)","50","2.858.700"
"2.002","8","Manufactureras","Empresas Liquidadas (Sociedades)","50","2.858.700"
"2.002","0","Electricidad, Gas y vapor","Empresas Liquidadas (Sociedades)","50","2.858.700"
"2.002","0","Construcción","Empresas Liquidadas (Sociedades)","50","2.858.700"
"2.002","18","Comercio","Empresas Liquidadas (Sociedades)","50","2.858.700"
"2.002","0","Transporte, Comunicaciones","Empresas Liquidadas (Sociedades)","50","2.858.700"
"2.002","1","Seguros y Finanzas","Empresas Liquidadas (Sociedades)","50","2.858.700"
"2.002","1","Servicios","Empresas Liquidadas (Sociedades)","50","2.858.700"
"2.003","0","Agropecuarias","Cambio de Domicilio, empresas que se fueron de Sabaneta","100","11.952.000"
"2.003","0","Minas y canteras","Cambio de Domicilio, empresas que se fueron de Sabaneta","100","11.952.000"
"2.003","3","Manufactureras","Cambio de Domicilio, empresas que se fueron de Sabaneta","100","11.952.000"
"2.003","0","Electricidad, Gas y vapor","Cambio de Domicilio, empresas que se fueron de Sabaneta","100","11.952.000"
"2.003","1","Construcción","Cambio de Domicilio, empresas que se fueron de Sabaneta","100","11.952.000"
"2.003","3","Comercio","Cambio de Domicilio, empresas que se fueron de Sabaneta","100","11.952.000"
"2.003","0","Transporte, Comunicaciones","Cambio de Domicilio, empresas que se fueron de Sabaneta","100","11.952.000"
"2.003","0","Seguros y Finanzas","Cambio de Domicilio, empresas que se fueron de Sabaneta","100","11.952.000"
"2.003","0","Servicios","Cambio de Domicilio, empresas que se fueron de Sabaneta","100","11.952.000"
"2.003","4","Agropecuarias","Empresas Canceladas (Personas Naturales y Establecimientos de Comercio)","240","46.983.000"
"2.003","0","Minas y canteras","Empresas Canceladas (Personas Naturales y Establecimientos de Comercio)","240","46.983.000"
"2.003","49","Manufactureras","Empresas Canceladas (Personas Naturales y Establecimientos de Comercio)","240","46.983.000"
"2.003","0","Electricidad, Gas y vapor","Empresas Canceladas (Personas Naturales y Establecimientos de Comercio)","240","46.983.000"
"2.003","6","Construcción","Empresas Canceladas (Personas Naturales y Establecimientos de Comercio)","240","46.983.000"
"2.003","203","Comercio","Empresas Canceladas (Personas Naturales y Establecimientos de Comercio)","240","46.983.000"
"2.003","7","Transporte, Comunicaciones","Empresas Canceladas (Personas Naturales y Establecimientos de Comercio)","240","46.983.000"
"2.003","11","Seguros y Finanzas","Empresas Canceladas (Personas Naturales y Establecimientos de Comercio)","240","46.983.000"
"2.003","37","Servicios","Empresas Canceladas (Personas Naturales y Establecimientos de Comercio)","240","46.983.000"
"2.003","8","Agropecuarias","Sociedades Renovadas","7.343","926.249.000"
"2.003","3","Minas y canteras","Sociedades Renovadas","7.343","926.249.000"
"2.003","185","Manufactureras","Sociedades Renovadas","7.343","926.249.000"
"2.003","0","Electricidad, Gas y vapor","Sociedades Renovadas","7.343","926.249.000"
"2.003","43","Construcción","Sociedades Renovadas","7.343","926.249.000"
"2.003","108","Comercio","Sociedades Renovadas","7.343","926.249.000"
"2.003","19","Transporte, Comunicaciones","Sociedades Renovadas","7.343","926.249.000"
"2.003","81","Seguros y Finanzas","Sociedades Renovadas","7.343","926.249.000"
"2.003","14","Servicios","Sociedades Renovadas","7.343","926.249.000"
"2.003","1","Agropecuarias","Sociedades Constituidas","242","18.172.000"
"2.003","0","Minas y canteras","Sociedades Constituidas","242","18.172.000"
"2.003","0","Manufactureras","Sociedades Constituidas","242","18.172.000"
"2.003","22","Electricidad, Gas y vapor","Sociedades Constituidas","242","18.172.000"
"2.003","8","Construcción","Sociedades Constituidas","242","18.172.000"
"2.003","15","Comercio","Sociedades Constituidas","242","18.172.000"
"2.003","4","Transporte, Comunicaciones","Sociedades Constituidas","242","18.172.000"
"2.003","16","Seguros y Finanzas","Sociedades Constituidas","242","18.172.000"
"2.003","1","Servicios","Sociedades Constituidas","242","18.172.000"
"2.003","0","Agropecuarias","Cambio de Domicilio, empresas que llegan a Sabaneta","128","2.952.000"
"2.003","0","Minas y canteras","Cambio de Domicilio, empresas que llegan a Sabaneta","128","2.952.000"
"2.003","3","Manufactureras","Cambio de Domicilio, empresas que llegan a Sabaneta","128","2.952.000"
"2.003","0","Electricidad, Gas y vapor","Cambio de Domicilio, empresas que llegan a Sabaneta","128","2.952.000"
"2.003","2","Construcción","Cambio de Domicilio, empresas que llegan a Sabaneta","128","2.952.000"
"2.003","2","Comercio","Cambio de Domicilio, empresas que llegan a Sabaneta","128","2.952.000"
"2.003","0","Transporte, Comunicaciones","Cambio de Domicilio, empresas que llegan a Sabaneta","128","2.952.000"
"2.003","0","Seguros y Finanzas","Cambio de Domicilio, empresas que llegan a Sabaneta","128","2.952.000"
"2.003","0","Servicios","Cambio de Domicilio, empresas que llegan a Sabaneta","128","2.952.000"
"2.003","0","Agropecuarias","Empresas Liquidadas (Sociedades)","264","1.997.700"
"2.003","7","Manufactureras","Empresas Liquidadas (Sociedades)","264","1.997.700"
"2.003","0","Electricidad, Gas y vapor","Empresas Liquidadas (Sociedades)","264","1.997.700"
"2.003","2","Construcción","Empresas Liquidadas (Sociedades)","264","1.997.700"
"2.003","6","Comercio","Empresas Liquidadas (Sociedades)","264","1.997.700"
"2.003","0","Transporte, Comunicaciones","Empresas Liquidadas (Sociedades)","264","1.997.700"
"2.003","3","Seguros y Finanzas","Empresas Liquidadas (Sociedades)","264","1.997.700"
"2.003","2","Servicios","Empresas Liquidadas (Sociedades)","264","1.997.700"
"2.004","0","Agropecuarias","Cambio de Domicilio, empresas que se fueron de Sabaneta","35","2.188.200"
"2.004","0","Minas y canteras","Cambio de Domicilio, empresas que se fueron de Sabaneta","35","2.188.200"
"2.004","4","Manufactureras","Cambio de Domicilio, empresas que se fueron de Sabaneta","35","2.188.200"
"2.004","0","Electricidad, Gas y vapor","Cambio de Domicilio, empresas que se fueron de Sabaneta","35","2.188.200"
"2.004","2","Construcción","Cambio de Domicilio, empresas que se fueron de Sabaneta","35","2.188.200"
"2.004","4","Comercio","Cambio de Domicilio, empresas que se fueron de Sabaneta","35","2.188.200"
"2.004","0","Transporte, Comunicaciones","Cambio de Domicilio, empresas que se fueron de Sabaneta","35","2.188.200"
"2.004","1","Seguros y Finanzas","Cambio de Domicilio, empresas que se fueron de Sabaneta","35","2.188.200"
"2.004","0","Servicios","Cambio de Domicilio, empresas que se fueron de Sabaneta","35","2.188.200"
"2.004","6","Agropecuarias","Empresas Canceladas (Personas Naturales y Establecimientos de Comercio)","306","4.351.200"
"2.004","0","Minas y canteras","Empresas Canceladas (Personas Naturales y Establecimientos de Comercio)","306","4.351.200"
"2.004","52","Manufactureras","Empresas Canceladas (Personas Naturales y Establecimientos de Comercio)","306","4.351.200"
"2.004","2","Electricidad, Gas y vapor","Empresas Canceladas (Personas Naturales y Establecimientos de Comercio)","306","4.351.200"
"2.004","9","Construcción","Empresas Canceladas (Personas Naturales y Establecimientos de Comercio)","306","4.351.200"
"2.004","264","Comercio","Empresas Canceladas (Personas Naturales y Establecimientos de Comercio)","306","4.351.200"
"2.004","9","Transporte, Comunicaciones","Empresas Canceladas (Personas Naturales y Establecimientos de Comercio)","306","4.351.200"
"2.004","16","Seguros y Finanzas","Empresas Canceladas (Personas Naturales y Establecimientos de Comercio)","306","4.351.200"
"2.004","30","Servicios","Empresas Canceladas (Personas Naturales y Establecimientos de Comercio)","306","4.351.200"
"2.004","9","Agropecuarias","Sociedades Renovadas","6.562","1.035.862.700"
"2.004","1","Minas y canteras","Sociedades Renovadas","6.562","1.035.862.700"
"2.004","164","Manufactureras","Sociedades Renovadas","6.562","1.035.862.700"
"2.004","0","Electricidad, Gas y vapor","Sociedades Renovadas","6.562","1.035.862.700"
"2.004","35","Construcción","Sociedades Renovadas","6.562","1.035.862.700"
"2.004","125","Comercio","Sociedades Renovadas","6.562","1.035.862.700"
"2.004","22","Transporte, Comunicaciones","Sociedades Renovadas","6.562","1.035.862.700"
"2.004","86","Seguros y Finanzas","Sociedades Renovadas","6.562","1.035.862.700"
"2.004","11","Servicios","Sociedades Renovadas","6.562","1.035.862.700"
"2.004","3","Agropecuarias","Sociedades Constituidas","1.068","62.695.800"
"2.004","0","Minas y canteras","Sociedades Constituidas","1.068","62.695.800"
"2.004","0","Manufactureras","Sociedades Constituidas","1.068","62.695.800"
"2.004","22","Electricidad, Gas y vapor","Sociedades Constituidas","1.068","62.695.800"
"2.004","4","Construcción","Sociedades Constituidas","1.068","62.695.800"
"2.004","28","Comercio","Sociedades Constituidas","1.068","62.695.800"
"2.004","1","Transporte, Comunicaciones","Sociedades Constituidas","1.068","62.695.800"
"2.004","22","Seguros y Finanzas","Sociedades Constituidas","1.068","62.695.800"
"2.004","9","Servicios","Sociedades Constituidas","1.068","62.695.800"
"2.004","2","Agropecuarias","Cambio de Domicilio, empresas que llegan a Sabaneta","987","42.727.800"
"2.004","0","Minas y canteras","Cambio de Domicilio, empresas que llegan a Sabaneta","987","42.727.800"
"2.004","7","Manufactureras","Cambio de Domicilio, empresas que llegan a Sabaneta","987","42.727.800"
"2.004","0","Electricidad, Gas y vapor","Cambio de Domicilio, empresas que llegan a Sabaneta","987","42.727.800"
"2.004","1","Construcción","Cambio de Domicilio, empresas que llegan a Sabaneta","987","42.727.800"
"2.004","14","Comercio","Cambio de Domicilio, empresas que llegan a Sabaneta","987","42.727.800"
"2.004","0","Transporte, Comunicaciones","Cambio de Domicilio, empresas que llegan a Sabaneta","987","42.727.800"
"2.004","3","Seguros y Finanzas","Cambio de Domicilio, empresas que llegan a Sabaneta","987","42.727.800"
"2.004","1","Servicios","Cambio de Domicilio, empresas que llegan a Sabaneta","987","42.727.800"
"2.004","0","Agropecuarias","Empresas Liquidadas (Sociedades)","44","4.208.600"
"2.004","3","Manufactureras","Empresas Liquidadas (Sociedades)","44","4.208.600"
"2.004","0","Electricidad, Gas y vapor","Empresas Liquidadas (Sociedades)","44","4.208.600"
"2.004","3","Construcción","Empresas Liquidadas (Sociedades)","44","4.208.600"
"2.004","14","Comercio","Empresas Liquidadas (Sociedades)","44","4.208.600"
"2.004","0","Transporte, Comunicaciones","Empresas Liquidadas (Sociedades)","44","4.208.600"
"2.004","7","Seguros y Finanzas","Empresas Liquidadas (Sociedades)","44","4.208.600"
"2.004","1","Servicios","Empresas Liquidadas (Sociedades)","44","4.208.600"
"2.005","1","Agropecuarias","Cambio de Domicilio, empresas que se fueron de Sabaneta","311","21.093.840"
"2.005","0","Minas y canteras","Cambio de Domicilio, empresas que se fueron de Sabaneta","311","21.093.840"
"2.005","3","Manufactureras","Cambio de Domicilio, empresas que se fueron de Sabaneta","311","21.093.840"
"2.005","0","Electricidad, Gas y vapor","Cambio de Domicilio, empresas que se fueron de Sabaneta","311","21.093.840"
"2.005","1","Construcción","Cambio de Domicilio, empresas que se fueron de Sabaneta","311","21.093.840"
"2.005","2","Comercio","Cambio de Domicilio, empresas que se fueron de Sabaneta","311","21.093.840"
"2.005","0","Transporte, Comunicaciones","Cambio de Domicilio, empresas que se fueron de Sabaneta","311","21.093.840"
"2.005","2","Seguros y Finanzas","Cambio de Domicilio, empresas que se fueron de Sabaneta","311","21.093.840"
"2.005","0","Servicios","Cambio de Domicilio, empresas que se fueron de Sabaneta","311","21.093.840"
"2.005","0","Agropecuarias","Empresas Canceladas (Personas Naturales y Establecimientos de Comercio)","408","85.271.200"
"2.005","0","Minas y canteras","Empresas Canceladas (Personas Naturales y Establecimientos de Comercio)","408","85.271.200"
"2.005","68","Manufactureras","Empresas Canceladas (Personas Naturales y Establecimientos de Comercio)","408","85.271.200"
"2.005","0","Electricidad, Gas y vapor","Empresas Canceladas (Personas Naturales y Establecimientos de Comercio)","408","85.271.200"
"2.005","21","Construcción","Empresas Canceladas (Personas Naturales y Establecimientos de Comercio)","408","85.271.200"
"2.005","143","Comercio","Empresas Canceladas (Personas Naturales y Establecimientos de Comercio)","408","85.271.200"
"2.005","7","Transporte, Comunicaciones","Empresas Canceladas (Personas Naturales y Establecimientos de Comercio)","408","85.271.200"
"2.005","9","Seguros y Finanzas","Empresas Canceladas (Personas Naturales y Establecimientos de Comercio)","408","85.271.200"
"2.005","11","Servicios","Empresas Canceladas (Personas Naturales y Establecimientos de Comercio)","408","85.271.200"
"2.005","18","Agropecuarias","Sociedades Renovadas","15.318","1.162.457.500"
"2.005","0","Minas y canteras","Sociedades Renovadas","15.318","1.162.457.500"
"2.005","159","Manufactureras","Sociedades Renovadas","15.318","1.162.457.500"
"2.005","0","Electricidad, Gas y vapor","Sociedades Renovadas","15.318","1.162.457.500"
"2.005","40","Construcción","Sociedades Renovadas","15.318","1.162.457.500"
"2.005","126","Comercio","Sociedades Renovadas","15.318","1.162.457.500"
"2.005","22","Transporte, Comunicaciones","Sociedades Renovadas","15.318","1.162.457.500"
"2.005","110","Seguros y Finanzas","Sociedades Renovadas","15.318","1.162.457.500"
"2.005","13","Servicios","Sociedades Renovadas","15.318","1.162.457.500"
"2.005","7","Agropecuarias","Sociedades Constituidas","867","74.887.383"
"2.005","0","Minas y canteras","Sociedades Constituidas","867","74.887.383"
"2.005","0","Manufactureras","Sociedades Constituidas","867","74.887.383"
"2.005","20","Electricidad, Gas y vapor","Sociedades Constituidas","867","74.887.383"
"2.005","6","Construcción","Sociedades Constituidas","867","74.887.383"
"2.005","23","Comercio","Sociedades Constituidas","867","74.887.383"
"2.005","5","Transporte, Comunicaciones","Sociedades Constituidas","867","74.887.383"
"2.005","30","Seguros y Finanzas","Sociedades Constituidas","867","74.887.383"
"2.005","3","Servicios","Sociedades Constituidas","867","74.887.383"
"2.005","3","Agropecuarias","Cambio de Domicilio, empresas que llegan a Sabaneta","703","54.686.780"
"2.005","0","Minas y canteras","Cambio de Domicilio, empresas que llegan a Sabaneta","703","54.686.780"
"2.005","1","Manufactureras","Cambio de Domicilio, empresas que llegan a Sabaneta","703","54.686.780"
"2.005","0","Electricidad, Gas y vapor","Cambio de Domicilio, empresas que llegan a Sabaneta","703","54.686.780"
"2.005","2","Construcción","Cambio de Domicilio, empresas que llegan a Sabaneta","703","54.686.780"
"2.005","12","Comercio","Cambio de Domicilio, empresas que llegan a Sabaneta","703","54.686.780"
"2.005","1","Transporte, Comunicaciones","Cambio de Domicilio, empresas que llegan a Sabaneta","703","54.686.780"
"2.005","3","Seguros y Finanzas","Cambio de Domicilio, empresas que llegan a Sabaneta","703","54.686.780"
"2.005","1","Servicios","Cambio de Domicilio, empresas que llegan a Sabaneta","703","54.686.780"
"2.005","1","Agropecuarias","Empresas Liquidadas (Sociedades)","60","124.427.066"
"2.005","6","Manufactureras","Empresas Liquidadas (Sociedades)","60","124.427.066"
"2.005","0","Electricidad, Gas y vapor","Empresas Liquidadas (Sociedades)","60","124.427.066"
"2.005","1","Construcción","Empresas Liquidadas (Sociedades)","60","124.427.066"
"2.005","10","Comercio","Empresas Liquidadas (Sociedades)","60","124.427.066"
"2.005","1","Transporte, Comunicaciones","Empresas Liquidadas (Sociedades)","60","124.427.066"
"2.005","10","Seguros y Finanzas","Empresas Liquidadas (Sociedades)","60","124.427.066"
"2.005","0","Servicios","Empresas Liquidadas (Sociedades)","60","124.427.066"
"2.006","0","Agropecuarias","Cambio de Domicilio, empresas que se fueron de Sabaneta","32","583.794"
"2.006","0","Minas y canteras","Cambio de Domicilio, empresas que se fueron de Sabaneta","32","583.794"
"2.006","1","Manufactureras","Cambio de Domicilio, empresas que se fueron de Sabaneta","32","583.794"
"2.006","0","Electricidad, Gas y vapor","Cambio de Domicilio, empresas que se fueron de Sabaneta","32","583.794"
"2.006","1","Construcción","Cambio de Domicilio, empresas que se fueron de Sabaneta","32","583.794"
"2.006","2","Comercio","Cambio de Domicilio, empresas que se fueron de Sabaneta","32","583.794"
"2.006","0","Transporte, Comunicaciones","Cambio de Domicilio, empresas que se fueron de Sabaneta","32","583.794"
"2.006","1","Seguros y Finanzas","Cambio de Domicilio, empresas que se fueron de Sabaneta","32","583.794"
"2.006","0","Servicios","Cambio de Domicilio, empresas que se fueron de Sabaneta","32","583.794"
"2.006","0","Agropecuarias","Empresas Canceladas (Personas Naturales y Establecimientos de Comercio)","235","2.328.892"
"2.006","0","Minas y canteras","Empresas Canceladas (Personas Naturales y Establecimientos de Comercio)","235","2.328.892"
"2.006","51","Manufactureras","Empresas Canceladas (Personas Naturales y Establecimientos de Comercio)","235","2.328.892"
"2.006","0","Electricidad, Gas y vapor","Empresas Canceladas (Personas Naturales y Establecimientos de Comercio)","235","2.328.892"
"2.006","4","Construcción","Empresas Canceladas (Personas Naturales y Establecimientos de Comercio)","235","2.328.892"
"2.006","223","Comercio","Empresas Canceladas (Personas Naturales y Establecimientos de Comercio)","235","2.328.892"
"2.006","14","Transporte, Comunicaciones","Empresas Canceladas (Personas Naturales y Establecimientos de Comercio)","235","2.328.892"
"2.006","19","Seguros y Finanzas","Empresas Canceladas (Personas Naturales y Establecimientos de Comercio)","235","2.328.892"
"2.006","19","Servicios","Empresas Canceladas (Personas Naturales y Establecimientos de Comercio)","235","2.328.892"
"2.006","14","Agropecuarias","Sociedades Renovadas","12.559","1.170.004.743"
"2.006","1","Minas y canteras","Sociedades Renovadas","12.559","1.170.004.743"
"2.006","167","Manufactureras","Sociedades Renovadas","12.559","1.170.004.743"
"2.006","1","Electricidad, Gas y vapor","Sociedades Renovadas","12.559","1.170.004.743"
"2.006","44","Construcción","Sociedades Renovadas","12.559","1.170.004.743"
"2.006","157","Comercio","Sociedades Renovadas","12.559","1.170.004.743"
"2.006","26","Transporte, Comunicaciones","Sociedades Renovadas","12.559","1.170.004.743"
"2.006","92","Seguros y Finanzas","Sociedades Renovadas","12.559","1.170.004.743"
"2.006","18","Servicios","Sociedades Renovadas","12.559","1.170.004.743"
"2.006","1","Agropecuarias","Sociedades Constituidas","274","4.748.977"
"2.006","1","Minas y canteras","Sociedades Constituidas","274","4.748.977"
"2.006","0","Manufactureras","Sociedades Constituidas","274","4.748.977"
"2.006","18","Electricidad, Gas y vapor","Sociedades Constituidas","274","4.748.977"
"2.006","6","Construcción","Sociedades Constituidas","274","4.748.977"
"2.006","25","Comercio","Sociedades Constituidas","274","4.748.977"
"2.006","3","Transporte, Comunicaciones","Sociedades Constituidas","274","4.748.977"
"2.006","8","Seguros y Finanzas","Sociedades Constituidas","274","4.748.977"
"2.006","3","Servicios","Sociedades Constituidas","274","4.748.977"
"2.006","0","Agropecuarias","Cambio de Domicilio, empresas que llegan a Sabaneta","230","22.424.537"
"2.006","0","Minas y canteras","Cambio de Domicilio, empresas que llegan a Sabaneta","230","22.424.537"
"2.006","9","Manufactureras","Cambio de Domicilio, empresas que llegan a Sabaneta","230","22.424.537"
"2.006","0","Electricidad, Gas y vapor","Cambio de Domicilio, empresas que llegan a Sabaneta","230","22.424.537"
"2.006","0","Construcción","Cambio de Domicilio, empresas que llegan a Sabaneta","230","22.424.537"
"2.006","0","Comercio","Cambio de Domicilio, empresas que llegan a Sabaneta","230","22.424.537"
"2.006","9","Transporte, Comunicaciones","Cambio de Domicilio, empresas que llegan a Sabaneta","230","22.424.537"
"2.006","4","Seguros y Finanzas","Cambio de Domicilio, empresas que llegan a Sabaneta","230","22.424.537"
"2.006","2","Servicios","Cambio de Domicilio, empresas que llegan a Sabaneta","230","22.424.537"
"2.006","0","Agropecuarias","Empresas Liquidadas (Sociedades)","38","3.718.343"
"2.006","4","Manufactureras","Empresas Liquidadas (Sociedades)","38","3.718.343"
"2.006","0","Electricidad, Gas y vapor","Empresas Liquidadas (Sociedades)","38","3.718.343"
"2.006","1","Construcción","Empresas Liquidadas (Sociedades)","38","3.718.343"
"2.006","4","Comercio","Empresas Liquidadas (Sociedades)","38","3.718.343"
"2.006","1","Transporte, Comunicaciones","Empresas Liquidadas (Sociedades)","38","3.718.343"
"2.006","3","Seguros y Finanzas","Empresas Liquidadas (Sociedades)","38","3.718.343"
"2.006","1","Servicios","Empresas Liquidadas (Sociedades)","38","3.718.343"
"2.007","1","Agropecuarias","Cambio de Domicilio, empresas que se fueron de Sabaneta","136","8.463.124"
"2.007","0","Minas y canteras","Cambio de Domicilio, empresas que se fueron de Sabaneta","136","8.463.124"
"2.007","2","Manufactureras","Cambio de Domicilio, empresas que se fueron de Sabaneta","136","8.463.124"
"2.007","0","Electricidad, Gas y vapor","Cambio de Domicilio, empresas que se fueron de Sabaneta","136","8.463.124"
"2.007","0","Construcción","Cambio de Domicilio, empresas que se fueron de Sabaneta","136","8.463.124"
"2.007","11","Comercio","Cambio de Domicilio, empresas que se fueron de Sabaneta","136","8.463.124"
"2.007","1","Transporte, Comunicaciones","Cambio de Domicilio, empresas que se fueron de Sabaneta","136","8.463.124"
"2.007","2","Seguros y Finanzas","Cambio de Domicilio, empresas que se fueron de Sabaneta","136","8.463.124"
"2.007","0","Servicios","Cambio de Domicilio, empresas que se fueron de Sabaneta","136","8.463.124"
"2.007","2","Agropecuarias","Empresas Canceladas (Personas Naturales y Establecimientos de Comercio)","362","17.481.012"
"2.007","0","Minas y canteras","Empresas Canceladas (Personas Naturales y Establecimientos de Comercio)","362","17.481.012"
"2.007","44","Manufactureras","Empresas Canceladas (Personas Naturales y Establecimientos de Comercio)","362","17.481.012"
"2.007","0","Electricidad, Gas y vapor","Empresas Canceladas (Personas Naturales y Establecimientos de Comercio)","362","17.481.012"
"2.007","7","Construcción","Empresas Canceladas (Personas Naturales y Establecimientos de Comercio)","362","17.481.012"
"2.007","244","Comercio","Empresas Canceladas (Personas Naturales y Establecimientos de Comercio)","362","17.481.012"
"2.007","22","Transporte, Comunicaciones","Empresas Canceladas (Personas Naturales y Establecimientos de Comercio)","362","17.481.012"
"2.007","14","Seguros y Finanzas","Empresas Canceladas (Personas Naturales y Establecimientos de Comercio)","362","17.481.012"
"2.007","24","Servicios","Empresas Canceladas (Personas Naturales y Establecimientos de Comercio)","362","17.481.012"
"2.007","13","Agropecuarias","Sociedades Renovadas","17.688","1.535.296.129"
"2.007","3","Minas y canteras","Sociedades Renovadas","17.688","1.535.296.129"
"2.007","206","Manufactureras","Sociedades Renovadas","17.688","1.535.296.129"
"2.007","1","Electricidad, Gas y vapor","Sociedades Renovadas","17.688","1.535.296.129"
"2.007","50","Construcción","Sociedades Renovadas","17.688","1.535.296.129"
"2.007","186","Comercio","Sociedades Renovadas","17.688","1.535.296.129"
"2.007","24","Transporte, Comunicaciones","Sociedades Renovadas","17.688","1.535.296.129"
"2.007","86","Seguros y Finanzas","Sociedades Renovadas","17.688","1.535.296.129"
"2.007","19","Servicios","Sociedades Renovadas","17.688","1.535.296.129"
"2.007","2","Agropecuarias","Sociedades Constituidas","160","5.020.925"
"2.007","0","Minas y canteras","Sociedades Constituidas","160","5.020.925"
"2.007","1","Manufactureras","Sociedades Constituidas","160","5.020.925"
"2.007","23","Electricidad, Gas y vapor","Sociedades Constituidas","160","5.020.925"
"2.007","4","Construcción","Sociedades Constituidas","160","5.020.925"
"2.007","35","Comercio","Sociedades Constituidas","160","5.020.925"
"2.007","0","Transporte, Comunicaciones","Sociedades Constituidas","160","5.020.925"
"2.007","28","Seguros y Finanzas","Sociedades Constituidas","160","5.020.925"
"2.007","4","Servicios","Sociedades Constituidas","160","5.020.925"
"2.007","0","Agropecuarias","Cambio de Domicilio, empresas que llegan a Sabaneta","121","41.190.120"
"2.007","0","Minas y canteras","Cambio de Domicilio, empresas que llegan a Sabaneta","121","41.190.120"
"2.007","5","Manufactureras","Cambio de Domicilio, empresas que llegan a Sabaneta","121","41.190.120"
"2.007","0","Electricidad, Gas y vapor","Cambio de Domicilio, empresas que llegan a Sabaneta","121","41.190.120"
"2.007","0","Construcción","Cambio de Domicilio, empresas que llegan a Sabaneta","121","41.190.120"
"2.007","7","Comercio","Cambio de Domicilio, empresas que llegan a Sabaneta","121","41.190.120"
"2.007","2","Transporte, Comunicaciones","Cambio de Domicilio, empresas que llegan a Sabaneta","121","41.190.120"
"2.007","1","Seguros y Finanzas","Cambio de Domicilio, empresas que llegan a Sabaneta","121","41.190.120"
"2.007","0","Servicios","Cambio de Domicilio, empresas que llegan a Sabaneta","121","41.190.120"
"2.007","1","Agropecuarias","Empresas Liquidadas (Sociedades)","31","4.499.263"
"2.007","4","Manufactureras","Empresas Liquidadas (Sociedades)","31","4.499.263"
"2.007","0","Electricidad, Gas y vapor","Empresas Liquidadas (Sociedades)","31","4.499.263"
"2.007","2","Construcción","Empresas Liquidadas (Sociedades)","31","4.499.263"
"2.007","12","Comercio","Empresas Liquidadas (Sociedades)","31","4.499.263"
"2.007","1","Transporte, Comunicaciones","Empresas Liquidadas (Sociedades)","31","4.499.263"
"2.007","7","Seguros y Finanzas","Empresas Liquidadas (Sociedades)","31","4.499.263"
"2.007","0","Servicios","Empresas Liquidadas (Sociedades)","31","4.499.263"
"2.008","0","Agropecuarias","Cambio de Domicilio, empresas que se fueron de Sabaneta","180","3.034.392"
"2.008","0","Minas y canteras","Cambio de Domicilio, empresas que se fueron de Sabaneta","180","3.034.392"
"2.008","1","Manufactureras","Cambio de Domicilio, empresas que se fueron de Sabaneta","180","3.034.392"
"2.008","0","Electricidad, Gas y vapor","Cambio de Domicilio, empresas que se fueron de Sabaneta","180","3.034.392"
"2.008","1","Construcción","Cambio de Domicilio, empresas que se fueron de Sabaneta","180","3.034.392"
"2.008","2","Comercio","Cambio de Domicilio, empresas que se fueron de Sabaneta","180","3.034.392"
"2.008","0","Transporte, Comunicaciones","Cambio de Domicilio, empresas que se fueron de Sabaneta","180","3.034.392"
"2.008","1","Seguros y Finanzas","Cambio de Domicilio, empresas que se fueron de Sabaneta","180","3.034.392"
"2.008","0","Servicios","Cambio de Domicilio, empresas que se fueron de Sabaneta","180","3.034.392"
"2.008","1","Agropecuarias","Empresas Canceladas (Personas Naturales y Establecimientos de Comercio)","420","68.476.609"
"2.008","0","Minas y canteras","Empresas Canceladas (Personas Naturales y Establecimientos de Comercio)","420","68.476.609"
"2.008","48","Manufactureras","Empresas Canceladas (Personas Naturales y Establecimientos de Comercio)","420","68.476.609"
"2.008","1","Electricidad, Gas y vapor","Empresas Canceladas (Personas Naturales y Establecimientos de Comercio)","420","68.476.609"
"2.008","9","Construcción","Empresas Canceladas (Personas Naturales y Establecimientos de Comercio)","420","68.476.609"
"2.008","268","Comercio","Empresas Canceladas (Personas Naturales y Establecimientos de Comercio)","420","68.476.609"
"2.008","23","Transporte, Comunicaciones","Empresas Canceladas (Personas Naturales y Establecimientos de Comercio)","420","68.476.609"
"2.008","33","Seguros y Finanzas","Empresas Canceladas (Personas Naturales y Establecimientos de Comercio)","420","68.476.609"
"2.008","33","Servicios","Empresas Canceladas (Personas Naturales y Establecimientos de Comercio)","420","68.476.609"
"2.008","17","Agropecuarias","Sociedades Renovadas","13.032","1.714.824.601"
"2.008","3","Minas y canteras","Sociedades Renovadas","13.032","1.714.824.601"
"2.008","213","Manufactureras","Sociedades Renovadas","13.032","1.714.824.601"
"2.008","1","Electricidad, Gas y vapor","Sociedades Renovadas","13.032","1.714.824.601"
"2.008","57","Construcción","Sociedades Renovadas","13.032","1.714.824.601"
"2.008","193","Comercio","Sociedades Renovadas","13.032","1.714.824.601"
"2.008","26","Transporte, Comunicaciones","Sociedades Renovadas","13.032","1.714.824.601"
"2.008","95","Seguros y Finanzas","Sociedades Renovadas","13.032","1.714.824.601"
"2.008","26","Servicios","Sociedades Renovadas","13.032","1.714.824.601"
"2.008","2","Agropecuarias","Sociedades Constituidas","165","5.844.430"
"2.008","0","Minas y canteras","Sociedades Constituidas","165","5.844.430"
"2.008","1","Manufactureras","Sociedades Constituidas","165","5.844.430"
"2.008","20","Electricidad, Gas y vapor","Sociedades Constituidas","165","5.844.430"
"2.008","11","Construcción","Sociedades Constituidas","165","5.844.430"
"2.008","25","Comercio","Sociedades Constituidas","165","5.844.430"
"2.008","5","Transporte, Comunicaciones","Sociedades Constituidas","165","5.844.430"
"2.008","16","Seguros y Finanzas","Sociedades Constituidas","165","5.844.430"
"2.008","7","Servicios","Sociedades Constituidas","165","5.844.430"
"2.008","2","Agropecuarias","Cambio de Domicilio, empresas que llegan a Sabaneta","130","37.269.533"
"2.008","0","Minas y canteras","Cambio de Domicilio, empresas que llegan a Sabaneta","130","37.269.533"
"2.008","5","Manufactureras","Cambio de Domicilio, empresas que llegan a Sabaneta","130","37.269.533"
"2.008","0","Electricidad, Gas y vapor","Cambio de Domicilio, empresas que llegan a Sabaneta","130","37.269.533"
"2.008","1","Construcción","Cambio de Domicilio, empresas que llegan a Sabaneta","130","37.269.533"
"2.008","9","Comercio","Cambio de Domicilio, empresas que llegan a Sabaneta","130","37.269.533"
"2.008","0","Transporte, Comunicaciones","Cambio de Domicilio, empresas que llegan a Sabaneta","130","37.269.533"
"2.008","0","Seguros y Finanzas","Cambio de Domicilio, empresas que llegan a Sabaneta","130","37.269.533"
"2.008","2","Servicios","Cambio de Domicilio, empresas que llegan a Sabaneta","130","37.269.533"
"2.008","0","Agropecuarias","Empresas Liquidadas (Sociedades)","101","13.325.647"
"2.008","6","Manufactureras","Empresas Liquidadas (Sociedades)","101","13.325.647"
"2.008","0","Electricidad, Gas y vapor","Empresas Liquidadas (Sociedades)","101","13.325.647"
"2.008","2","Construcción","Empresas Liquidadas (Sociedades)","101","13.325.647"
"2.008","10","Comercio","Empresas Liquidadas (Sociedades)","101","13.325.647"
"2.008","0","Transporte, Comunicaciones","Empresas Liquidadas (Sociedades)","101","13.325.647"
"2.008","6","Seguros y Finanzas","Empresas Liquidadas (Sociedades)","101","13.325.647"
"2.008","0","Servicios","Empresas Liquidadas (Sociedades)","101","13.325.647"
"2.009","0","Agropecuarias","Cambio de Domicilio, empresas que se fueron de Sabaneta","320","9.399.037"
"2.009","0","Minas y canteras","Cambio de Domicilio, empresas que se fueron de Sabaneta","320","9.399.037"
"2.009","0","Manufactureras","Cambio de Domicilio, empresas que se fueron de Sabaneta","320","9.399.037"
"2.009","4","Electricidad, Gas y vapor","Cambio de Domicilio, empresas que se fueron de Sabaneta","320","9.399.037"
"2.009","0","Construcción","Cambio de Domicilio, empresas que se fueron de Sabaneta","320","9.399.037"
"2.009","8","Comercio","Cambio de Domicilio, empresas que se fueron de Sabaneta","320","9.399.037"
"2.009","0","Transporte, Comunicaciones","Cambio de Domicilio, empresas que se fueron de Sabaneta","320","9.399.037"
"2.009","2","Seguros y Finanzas","Cambio de Domicilio, empresas que se fueron de Sabaneta","320","9.399.037"
"2.009","0","Servicios","Cambio de Domicilio, empresas que se fueron de Sabaneta","320","9.399.037"
"2.009","2","Agropecuarias","Empresas Canceladas (Personas Naturales y Establecimientos de Comercio)","882","34.205.072"
"2.009","0","Minas y canteras","Empresas Canceladas (Personas Naturales y Establecimientos de Comercio)","882","34.205.072"
"2.009","39","Manufactureras","Empresas Canceladas (Personas Naturales y Establecimientos de Comercio)","882","34.205.072"
"2.009","0","Electricidad, Gas y vapor","Empresas Canceladas (Personas Naturales y Establecimientos de Comercio)","882","34.205.072"
"2.009","11","Construcción","Empresas Canceladas (Personas Naturales y Establecimientos de Comercio)","882","34.205.072"
"2.009","286","Comercio","Empresas Canceladas (Personas Naturales y Establecimientos de Comercio)","882","34.205.072"
"2.009","23","Transporte, Comunicaciones","Empresas Canceladas (Personas Naturales y Establecimientos de Comercio)","882","34.205.072"
"2.009","35","Seguros y Finanzas","Empresas Canceladas (Personas Naturales y Establecimientos de Comercio)","882","34.205.072"
"2.009","40","Servicios","Empresas Canceladas (Personas Naturales y Establecimientos de Comercio)","882","34.205.072"
"2.009","22","Agropecuarias","Sociedades Renovadas","20.682","2.381.786.534"
"2.009","2","Minas y canteras","Sociedades Renovadas","20.682","2.381.786.534"
"2.009","208","Manufactureras","Sociedades Renovadas","20.682","2.381.786.534"
"2.009","2","Electricidad, Gas y vapor","Sociedades Renovadas","20.682","2.381.786.534"
"2.009","61","Construcción","Sociedades Renovadas","20.682","2.381.786.534"
"2.009","210","Comercio","Sociedades Renovadas","20.682","2.381.786.534"
"2.009","27","Transporte, Comunicaciones","Sociedades Renovadas","20.682","2.381.786.534"
"2.009","125","Seguros y Finanzas","Sociedades Renovadas","20.682","2.381.786.534"
"2.009","31","Servicios","Sociedades Renovadas","20.682","2.381.786.534"
"2.009","4","Agropecuarias","Sociedades Constituidas","267","13.096.026"
"2.009","1","Minas y canteras","Sociedades Constituidas","267","13.096.026"
"2.009","1","Manufactureras","Sociedades Constituidas","267","13.096.026"
"2.009","13","Electricidad, Gas y vapor","Sociedades Constituidas","267","13.096.026"
"2.009","14","Construcción","Sociedades Constituidas","267","13.096.026"
"2.009","36","Comercio","Sociedades Constituidas","267","13.096.026"
"2.009","2","Transporte, Comunicaciones","Sociedades Constituidas","267","13.096.026"
"2.009","36","Seguros y Finanzas","Sociedades Constituidas","267","13.096.026"
"2.009","8","Servicios","Sociedades Constituidas","267","13.096.026"
"2.009","3","Agropecuarias","Cambio de Domicilio, empresas que llegan a Sabaneta","549","40.021.060"
"2.009","0","Minas y canteras","Cambio de Domicilio, empresas que llegan a Sabaneta","549","40.021.060"
"2.009","8","Manufactureras","Cambio de Domicilio, empresas que llegan a Sabaneta","549","40.021.060"
"2.009","0","Electricidad, Gas y vapor","Cambio de Domicilio, empresas que llegan a Sabaneta","549","40.021.060"
"2.009","2","Construcción","Cambio de Domicilio, empresas que llegan a Sabaneta","549","40.021.060"
"2.009","13","Comercio","Cambio de Domicilio, empresas que llegan a Sabaneta","549","40.021.060"
"2.009","0","Transporte, Comunicaciones","Cambio de Domicilio, empresas que llegan a Sabaneta","549","40.021.060"
"2.009","2","Seguros y Finanzas","Cambio de Domicilio, empresas que llegan a Sabaneta","549","40.021.060"
"2.009","1","Servicios","Cambio de Domicilio, empresas que llegan a Sabaneta","549","40.021.060"
"2.009","0","Agropecuarias","Empresas Liquidadas (Sociedades)","59","873.690"
"2.009","3","Manufactureras","Empresas Liquidadas (Sociedades)","59","873.690"
"2.009","0","Electricidad, Gas y vapor","Empresas Liquidadas (Sociedades)","59","873.690"
"2.009","3","Construcción","Empresas Liquidadas (Sociedades)","59","873.690"
"2.009","7","Comercio","Empresas Liquidadas (Sociedades)","59","873.690"
"2.009","2","Transporte, Comunicaciones","Empresas Liquidadas (Sociedades)","59","873.690"
"2.009","6","Seguros y Finanzas","Empresas Liquidadas (Sociedades)","59","873.690"
"2.009","2","Servicios","Empresas Liquidadas (Sociedades)","59","873.690"
"2.010","0","Agropecuarias","Cambio de Domicilio, empresas que se fueron de Sabaneta","269","242.265.279"
"2.010","0","Minas y canteras","Cambio de Domicilio, empresas que se fueron de Sabaneta","269","242.265.279"
"2.010","5","Manufactureras","Cambio de Domicilio, empresas que se fueron de Sabaneta","269","242.265.279"
"2.010","0","Electricidad, Gas y vapor","Cambio de Domicilio, empresas que se fueron de Sabaneta","269","242.265.279"
"2.010","2","Construcción","Cambio de Domicilio, empresas que se fueron de Sabaneta","269","242.265.279"
"2.010","14","Comercio","Cambio de Domicilio, empresas que se fueron de Sabaneta","269","242.265.279"
"2.010","0","Transporte, Comunicaciones","Cambio de Domicilio, empresas que se fueron de Sabaneta","269","242.265.279"
"2.010","7","Seguros y Finanzas","Cambio de Domicilio, empresas que se fueron de Sabaneta","269","242.265.279"
"2.010","1","Servicios","Cambio de Domicilio, empresas que se fueron de Sabaneta","269","242.265.279"
"2.010","1","Agropecuarias","Empresas Canceladas (Personas Naturales y Establecimientos de Comercio)","1.054","72.609.138"
"2.010","0","Minas y canteras","Empresas Canceladas (Personas Naturales y Establecimientos de Comercio)","1.054","72.609.138"
"2.010","39","Manufactureras","Empresas Canceladas (Personas Naturales y Establecimientos de Comercio)","1.054","72.609.138"
"2.010","1","Electricidad, Gas y vapor","Empresas Canceladas (Personas Naturales y Establecimientos de Comercio)","1.054","72.609.138"
"2.010","8","Construcción","Empresas Canceladas (Personas Naturales y Establecimientos de Comercio)","1.054","72.609.138"
"2.010","269","Comercio","Empresas Canceladas (Personas Naturales y Establecimientos de Comercio)","1.054","72.609.138"
"2.010","17","Transporte, Comunicaciones","Empresas Canceladas (Personas Naturales y Establecimientos de Comercio)","1.054","72.609.138"
"2.010","32","Seguros y Finanzas","Empresas Canceladas (Personas Naturales y Establecimientos de Comercio)","1.054","72.609.138"
"2.010","40","Servicios","Empresas Canceladas (Personas Naturales y Establecimientos de Comercio)","1.054","72.609.138"
"2.010","25","Agropecuarias","Sociedades Renovadas","19.504","2.736.957.865"
"2.010","2","Minas y canteras","Sociedades Renovadas","19.504","2.736.957.865"
"2.010","221","Manufactureras","Sociedades Renovadas","19.504","2.736.957.865"
"2.010","2","Electricidad, Gas y vapor","Sociedades Renovadas","19.504","2.736.957.865"
"2.010","68","Construcción","Sociedades Renovadas","19.504","2.736.957.865"
"2.010","226","Comercio","Sociedades Renovadas","19.504","2.736.957.865"
"2.010","28","Transporte, Comunicaciones","Sociedades Renovadas","19.504","2.736.957.865"
"2.010","142","Seguros y Finanzas","Sociedades Renovadas","19.504","2.736.957.865"
"2.010","36","Servicios","Sociedades Renovadas","19.504","2.736.957.865"
"2.010","3","Agropecuarias","Sociedades Constituidas","351","6.908.090"
"2.010","0","Minas y canteras","Sociedades Constituidas","351","6.908.090"
"2.010","0","Manufactureras","Sociedades Constituidas","351","6.908.090"
"2.010","24","Electricidad, Gas y vapor","Sociedades Constituidas","351","6.908.090"
"2.010","10","Construcción","Sociedades Constituidas","351","6.908.090"
"2.010","39","Comercio","Sociedades Constituidas","351","6.908.090"
"2.010","2","Transporte, Comunicaciones","Sociedades Constituidas","351","6.908.090"
"2.010","43","Seguros y Finanzas","Sociedades Constituidas","351","6.908.090"
"2.010","8","Servicios","Sociedades Constituidas","351","6.908.090"
"2.010","1","Agropecuarias","Cambio de Domicilio, empresas que llegan a Sabaneta","923","65.820.794"
"2.010","1","Minas y canteras","Cambio de Domicilio, empresas que llegan a Sabaneta","923","65.820.794"
"2.010","7","Manufactureras","Cambio de Domicilio, empresas que llegan a Sabaneta","923","65.820.794"
"2.010","0","Electricidad, Gas y vapor","Cambio de Domicilio, empresas que llegan a Sabaneta","923","65.820.794"
"2.010","2","Construcción","Cambio de Domicilio, empresas que llegan a Sabaneta","923","65.820.794"
"2.010","11","Comercio","Cambio de Domicilio, empresas que llegan a Sabaneta","923","65.820.794"
"2.010","2","Transporte, Comunicaciones","Cambio de Domicilio, empresas que llegan a Sabaneta","923","65.820.794"
"2.010","3","Seguros y Finanzas","Cambio de Domicilio, empresas que llegan a Sabaneta","923","65.820.794"
"2.010","0","Servicios","Cambio de Domicilio, empresas que llegan a Sabaneta","923","65.820.794"
"2.010","0","Agropecuarias","Empresas Liquidadas (Sociedades)","307","258.261.370"
"2.010","12","Manufactureras","Empresas Liquidadas (Sociedades)","307","258.261.370"
"2.010","0","Electricidad, Gas y vapor","Empresas Liquidadas (Sociedades)","307","258.261.370"
"2.010","4","Construcción","Empresas Liquidadas (Sociedades)","307","258.261.370"
"2.010","24","Comercio","Empresas Liquidadas (Sociedades)","307","258.261.370"
"2.010","1","Transporte, Comunicaciones","Empresas Liquidadas (Sociedades)","307","258.261.370"
"2.010","13","Seguros y Finanzas","Empresas Liquidadas (Sociedades)","307","258.261.370"
"2.010","1","Servicios","Empresas Liquidadas (Sociedades)","307","258.261.370"
"2.011","1","Agropecuarias","Cambio de Domicilio, empresas que se fueron de Sabaneta","461","133.496.116"
"2.011","0","Minas y canteras","Cambio de Domicilio, empresas que se fueron de Sabaneta","461","133.496.116"
"2.011","9","Manufactureras","Cambio de Domicilio, empresas que se fueron de Sabaneta","461","133.496.116"
"2.011","0","Electricidad, Gas y vapor","Cambio de Domicilio, empresas que se fueron de Sabaneta","461","133.496.116"
"2.011","2","Construcción","Cambio de Domicilio, empresas que se fueron de Sabaneta","461","133.496.116"
"2.011","19","Comercio","Cambio de Domicilio, empresas que se fueron de Sabaneta","461","133.496.116"
"2.011","0","Transporte, Comunicaciones","Cambio de Domicilio, empresas que se fueron de Sabaneta","461","133.496.116"
"2.011","7","Seguros y Finanzas","Cambio de Domicilio, empresas que se fueron de Sabaneta","461","133.496.116"
"2.011","3","Servicios","Cambio de Domicilio, empresas que se fueron de Sabaneta","461","133.496.116"
"2.011","12","Agropecuarias","Empresas Canceladas (Personas Naturales y Establecimientos de Comercio)","1.749","144.532.725"
"2.011","7","Minas y canteras","Empresas Canceladas (Personas Naturales y Establecimientos de Comercio)","1.749","144.532.725"
"2.011","351","Manufactureras","Empresas Canceladas (Personas Naturales y Establecimientos de Comercio)","1.749","144.532.725"
"2.011","3","Electricidad, Gas y vapor","Empresas Canceladas (Personas Naturales y Establecimientos de Comercio)","1.749","144.532.725"
"2.011","30","Construcción","Empresas Canceladas (Personas Naturales y Establecimientos de Comercio)","1.749","144.532.725"
"2.011","1.086","Comercio","Empresas Canceladas (Personas Naturales y Establecimientos de Comercio)","1.749","144.532.725"
"2.011","45","Transporte, Comunicaciones","Empresas Canceladas (Personas Naturales y Establecimientos de Comercio)","1.749","144.532.725"
"2.011","161","Seguros y Finanzas","Empresas Canceladas (Personas Naturales y Establecimientos de Comercio)","1.749","144.532.725"
"2.011","182","Servicios","Empresas Canceladas (Personas Naturales y Establecimientos de Comercio)","1.749","144.532.725"
"2.011","22","Agropecuarias","Sociedades Renovadas","21.639","3.076.220.885"
"2.011","3","Minas y canteras","Sociedades Renovadas","21.639","3.076.220.885"
"2.011","242","Manufactureras","Sociedades Renovadas","21.639","3.076.220.885"
"2.011","2","Electricidad, Gas y vapor","Sociedades Renovadas","21.639","3.076.220.885"
"2.011","65","Construcción","Sociedades Renovadas","21.639","3.076.220.885"
"2.011","313","Comercio","Sociedades Renovadas","21.639","3.076.220.885"
"2.011","62","Transporte, Comunicaciones","Sociedades Renovadas","21.639","3.076.220.885"
"2.011","200","Seguros y Finanzas","Sociedades Renovadas","21.639","3.076.220.885"
"2.011","50","Servicios","Sociedades Renovadas","21.639","3.076.220.885"
"2.011","1","Agropecuarias","Sociedades Constituidas","411","11.445.400"
"2.011","0","Minas y canteras","Sociedades Constituidas","411","11.445.400"
"2.011","0","Manufactureras","Sociedades Constituidas","411","11.445.400"
"2.011","29","Electricidad, Gas y vapor","Sociedades Constituidas","411","11.445.400"
"2.011","14","Construcción","Sociedades Constituidas","411","11.445.400"
"2.011","49","Comercio","Sociedades Constituidas","411","11.445.400"
"2.011","10","Transporte, Comunicaciones","Sociedades Constituidas","411","11.445.400"
"2.011","46","Seguros y Finanzas","Sociedades Constituidas","411","11.445.400"
"2.011","9","Servicios","Sociedades Constituidas","411","11.445.400"
"2.011","1","Agropecuarias","Cambio de Domicilio, empresas que llegan a Sabaneta","548","106.984.802"
"2.011","0","Minas y canteras","Cambio de Domicilio, empresas que llegan a Sabaneta","548","106.984.802"
"2.011","16","Manufactureras","Cambio de Domicilio, empresas que llegan a Sabaneta","548","106.984.802"
"2.011","0","Electricidad, Gas y vapor","Cambio de Domicilio, empresas que llegan a Sabaneta","548","106.984.802"
"2.011","1","Construcción","Cambio de Domicilio, empresas que llegan a Sabaneta","548","106.984.802"
"2.011","7","Comercio","Cambio de Domicilio, empresas que llegan a Sabaneta","548","106.984.802"
"2.011","1","Transporte, Comunicaciones","Cambio de Domicilio, empresas que llegan a Sabaneta","548","106.984.802"
"2.011","7","Seguros y Finanzas","Cambio de Domicilio, empresas que llegan a Sabaneta","548","106.984.802"
"2.011","1","Servicios","Cambio de Domicilio, empresas que llegan a Sabaneta","548","106.984.802"
"2.011","1","Agropecuarias","Empresas Liquidadas (Sociedades)","78","6.133.245"
"2.011","4","Manufactureras","Empresas Liquidadas (Sociedades)","78","6.133.245"
"2.011","0","Electricidad, Gas y vapor","Empresas Liquidadas (Sociedades)","78","6.133.245"
"2.011","3","Construcción","Empresas Liquidadas (Sociedades)","78","6.133.245"
"2.011","10","Comercio","Empresas Liquidadas (Sociedades)","78","6.133.245"
"2.011","1","Transporte, Comunicaciones","Empresas Liquidadas (Sociedades)","78","6.133.245"
"2.011","8","Seguros y Finanzas","Empresas Liquidadas (Sociedades)","78","6.133.245"
"2.011","2","Servicios","Empresas Liquidadas (Sociedades)","78","6.133.245"
"2.012","0","Agropecuarias","Cambio de Domicilio, empresas que se fueron de Sabaneta","200","29.049.983"
"2.012","0","Minas y canteras","Cambio de Domicilio, empresas que se fueron de Sabaneta","200","29.049.983"
"2.012","0","Manufactureras","Cambio de Domicilio, empresas que se fueron de Sabaneta","200","29.049.983"
"2.012","0","Electricidad, Gas y vapor","Cambio de Domicilio, empresas que se fueron de Sabaneta","200","29.049.983"
"2.012","0","Construcción","Cambio de Domicilio, empresas que se fueron de Sabaneta","200","29.049.983"
"2.012","47","Comercio","Cambio de Domicilio, empresas que se fueron de Sabaneta","200","29.049.983"
"2.012","0","Transporte, Comunicaciones","Cambio de Domicilio, empresas que se fueron de Sabaneta","200","29.049.983"
"2.012","0","Seguros y Finanzas","Cambio de Domicilio, empresas que se fueron de Sabaneta","200","29.049.983"
"2.012","0","Servicios","Cambio de Domicilio, empresas que se fueron de Sabaneta","200","29.049.983"
"2.012","0","Agropecuarias","Empresas Canceladas (Personas Naturales y Establecimientos de Comercio)","801","32.746.824"
"2.012","0","Minas y canteras","Empresas Canceladas (Personas Naturales y Establecimientos de Comercio)","801","32.746.824"
"2.012","2","Manufactureras","Empresas Canceladas (Personas Naturales y Establecimientos de Comercio)","801","32.746.824"
"2.012","0","Electricidad, Gas y vapor","Empresas Canceladas (Personas Naturales y Establecimientos de Comercio)","801","32.746.824"
"2.012","1","Construcción","Empresas Canceladas (Personas Naturales y Establecimientos de Comercio)","801","32.746.824"
"2.012","369","Comercio","Empresas Canceladas (Personas Naturales y Establecimientos de Comercio)","801","32.746.824"
"2.012","3","Transporte, Comunicaciones","Empresas Canceladas (Personas Naturales y Establecimientos de Comercio)","801","32.746.824"
"2.012","1","Seguros y Finanzas","Empresas Canceladas (Personas Naturales y Establecimientos de Comercio)","801","32.746.824"
"2.012","4","Servicios","Empresas Canceladas (Personas Naturales y Establecimientos de Comercio)","801","32.746.824"
"2.012","16","Agropecuarias","Sociedades Renovadas","24.818","3.728.326.860"
"2.012","5","Minas y canteras","Sociedades Renovadas","24.818","3.728.326.860"
"2.012","161","Manufactureras","Sociedades Renovadas","24.818","3.728.326.860"
"2.012","10","Electricidad, Gas y vapor","Sociedades Renovadas","24.818","3.728.326.860"
"2.012","75","Construcción","Sociedades Renovadas","24.818","3.728.326.860"
"2.012","446","Comercio","Sociedades Renovadas","24.818","3.728.326.860"
"2.012","70","Transporte, Comunicaciones","Sociedades Renovadas","24.818","3.728.326.860"
"2.012","84","Seguros y Finanzas","Sociedades Renovadas","24.818","3.728.326.860"
"2.012","147","Servicios","Sociedades Renovadas","24.818","3.728.326.860"
"2.012","5","Agropecuarias","Sociedades Constituidas","443","6.521.665"
"2.012","1","Minas y canteras","Sociedades Constituidas","443","6.521.665"
"2.012","3","Manufactureras","Sociedades Constituidas","443","6.521.665"
"2.012","10","Electricidad, Gas y vapor","Sociedades Constituidas","443","6.521.665"
"2.012","14","Construcción","Sociedades Constituidas","443","6.521.665"
"2.012","52","Comercio","Sociedades Constituidas","443","6.521.665"
"2.012","8","Transporte, Comunicaciones","Sociedades Constituidas","443","6.521.665"
"2.012","16","Seguros y Finanzas","Sociedades Constituidas","443","6.521.665"
"2.012","35","Servicios","Sociedades Constituidas","443","6.521.665"
"2.012","1","Agropecuarias","Cambio de Domicilio, empresas que llegan a Sabaneta","508","209.137.987"
"2.012","0","Minas y canteras","Cambio de Domicilio, empresas que llegan a Sabaneta","508","209.137.987"
"2.012","5","Manufactureras","Cambio de Domicilio, empresas que llegan a Sabaneta","508","209.137.987"
"2.012","1","Electricidad, Gas y vapor","Cambio de Domicilio, empresas que llegan a Sabaneta","508","209.137.987"
"2.012","3","Construcción","Cambio de Domicilio, empresas que llegan a Sabaneta","508","209.137.987"
"2.012","16","Comercio","Cambio de Domicilio, empresas que llegan a Sabaneta","508","209.137.987"
"2.012","2","Transporte, Comunicaciones","Cambio de Domicilio, empresas que llegan a Sabaneta","508","209.137.987"
"2.012","2","Seguros y Finanzas","Cambio de Domicilio, empresas que llegan a Sabaneta","508","209.137.987"
"2.012","10","Servicios","Cambio de Domicilio, empresas que llegan a Sabaneta","508","209.137.987"
"2.012","0","Agropecuarias","Empresas Liquidadas (Sociedades)","117","5.234.300"
"2.012","0","Manufactureras","Empresas Liquidadas (Sociedades)","117","5.234.300"
"2.012","0","Electricidad, Gas y vapor","Empresas Liquidadas (Sociedades)","117","5.234.300"
"2.012","1","Construcción","Empresas Liquidadas (Sociedades)","117","5.234.300"
"2.012","21","Comercio","Empresas Liquidadas (Sociedades)","117","5.234.300"
"2.012","0","Transporte, Comunicaciones","Empresas Liquidadas (Sociedades)","117","5.234.300"
"2.012","2","Seguros y Finanzas","Empresas Liquidadas (Sociedades)","117","5.234.300"
"2.012","1","Servicios","Empresas Liquidadas (Sociedades)","117","5.234.300"
"2.013","0","Agropecuarias","Cambio de Domicilio, empresas que se fueron de Sabaneta","311","44.289.571"
"2.013","0","Minas y canteras","Cambio de Domicilio, empresas que se fueron de Sabaneta","311","44.289.571"
"2.013","8","Manufactureras","Cambio de Domicilio, empresas que se fueron de Sabaneta","311","44.289.571"
"2.013","0","Electricidad, Gas y vapor","Cambio de Domicilio, empresas que se fueron de Sabaneta","311","44.289.571"
"2.013","4","Construcción","Cambio de Domicilio, empresas que se fueron de Sabaneta","311","44.289.571"
"2.013","6","Comercio","Cambio de Domicilio, empresas que se fueron de Sabaneta","311","44.289.571"
"2.013","1","Transporte, Comunicaciones","Cambio de Domicilio, empresas que se fueron de Sabaneta","311","44.289.571"
"2.013","2","Seguros y Finanzas","Cambio de Domicilio, empresas que se fueron de Sabaneta","311","44.289.571"
"2.013","7","Servicios","Cambio de Domicilio, empresas que se fueron de Sabaneta","311","44.289.571"
"2.013","2","Agropecuarias","Empresas Canceladas (Personas Naturales y Establecimientos de Comercio)","951","71.807.274"
"2.013","0","Minas y canteras","Empresas Canceladas (Personas Naturales y Establecimientos de Comercio)","951","71.807.274"
"2.013","47","Manufactureras","Empresas Canceladas (Personas Naturales y Establecimientos de Comercio)","951","71.807.274"
"2.013","0","Electricidad, Gas y vapor","Empresas Canceladas (Personas Naturales y Establecimientos de Comercio)","951","71.807.274"
"2.013","9","Construcción","Empresas Canceladas (Personas Naturales y Establecimientos de Comercio)","951","71.807.274"
"2.013","331","Comercio","Empresas Canceladas (Personas Naturales y Establecimientos de Comercio)","951","71.807.274"
"2.013","27","Transporte, Comunicaciones","Empresas Canceladas (Personas Naturales y Establecimientos de Comercio)","951","71.807.274"
"2.013","10","Seguros y Finanzas","Empresas Canceladas (Personas Naturales y Establecimientos de Comercio)","951","71.807.274"
"2.013","61","Servicios","Empresas Canceladas (Personas Naturales y Establecimientos de Comercio)","951","71.807.274"
"2.013","16","Agropecuarias","Sociedades Renovadas","24.017","3.547.423.909"
"2.013","4","Minas y canteras","Sociedades Renovadas","24.017","3.547.423.909"
"2.013","164","Manufactureras","Sociedades Renovadas","24.017","3.547.423.909"
"2.013","4","Electricidad, Gas y vapor","Sociedades Renovadas","24.017","3.547.423.909"
"2.013","73","Construcción","Sociedades Renovadas","24.017","3.547.423.909"
"2.013","286","Comercio","Sociedades Renovadas","24.017","3.547.423.909"
"2.013","49","Transporte, Comunicaciones","Sociedades Renovadas","24.017","3.547.423.909"
"2.013","65","Seguros y Finanzas","Sociedades Renovadas","24.017","3.547.423.909"
"2.013","118","Servicios","Sociedades Renovadas","24.017","3.547.423.909"
"2.013","6","Agropecuarias","Sociedades Constituidas","378","6.038.500"
"2.013","0","Minas y canteras","Sociedades Constituidas","378","6.038.500"
"2.013","2","Manufactureras","Sociedades Constituidas","378","6.038.500"
"2.013","25","Electricidad, Gas y vapor","Sociedades Constituidas","378","6.038.500"
"2.013","18","Construcción","Sociedades Constituidas","378","6.038.500"
"2.013","51","Comercio","Sociedades Constituidas","378","6.038.500"
"2.013","12","Transporte, Comunicaciones","Sociedades Constituidas","378","6.038.500"
"2.013","12","Seguros y Finanzas","Sociedades Constituidas","378","6.038.500"
"2.013","40","Servicios","Sociedades Constituidas","378","6.038.500"
"2.013","1","Agropecuarias","Cambio de Domicilio, empresas que llegan a Sabaneta","1.977","144.380.907"
"2.013","0","Minas y canteras","Cambio de Domicilio, empresas que llegan a Sabaneta","1.977","144.380.907"
"2.013","6","Manufactureras","Cambio de Domicilio, empresas que llegan a Sabaneta","1.977","144.380.907"
"2.013","1","Electricidad, Gas y vapor","Cambio de Domicilio, empresas que llegan a Sabaneta","1.977","144.380.907"
"2.013","4","Construcción","Cambio de Domicilio, empresas que llegan a Sabaneta","1.977","144.380.907"
"2.013","17","Comercio","Cambio de Domicilio, empresas que llegan a Sabaneta","1.977","144.380.907"
"2.013","11","Transporte, Comunicaciones","Cambio de Domicilio, empresas que llegan a Sabaneta","1.977","144.380.907"
"2.013","2","Seguros y Finanzas","Cambio de Domicilio, empresas que llegan a Sabaneta","1.977","144.380.907"
"2.013","5","Servicios","Cambio de Domicilio, empresas que llegan a Sabaneta","1.977","144.380.907"
"2.013","1","Agropecuarias","Empresas Liquidadas (Sociedades)","186","23.358.729"
"2.013","4","Manufactureras","Empresas Liquidadas (Sociedades)","186","23.358.729"
"2.013","0","Electricidad, Gas y vapor","Empresas Liquidadas (Sociedades)","186","23.358.729"
"2.013","1","Construcción","Empresas Liquidadas (Sociedades)","186","23.358.729"
"2.013","21","Comercio","Empresas Liquidadas (Sociedades)","186","23.358.729"
"2.013","1","Transporte, Comunicaciones","Empresas Liquidadas (Sociedades)","186","23.358.729"
"2.013","1","Seguros y Finanzas","Empresas Liquidadas (Sociedades)","186","23.358.729"
"2.013","3","Servicios","Empresas Liquidadas (Sociedades)","186","23.358.729"
"2.014","2","Agropecuarias","Cambio de Domicilio, empresas que se fueron de Sabaneta","400","20.882.199"
"2.014","1","Minas y canteras","Cambio de Domicilio, empresas que se fueron de Sabaneta","400","20.882.199"
"2.014","4","Manufactureras","Cambio de Domicilio, empresas que se fueron de Sabaneta","400","20.882.199"
"2.015","4","Manufactureras","Cambio de Domicilio, empresas que se fueron de Sabaneta","144","36.514.412"
"2.014","0","Electricidad, Gas y vapor","Cambio de Domicilio, empresas que se fueron de Sabaneta","400","20.882.199"
"2.014","3","Construcción","Cambio de Domicilio, empresas que se fueron de Sabaneta","400","20.882.199"
"2.014","7","Comercio","Cambio de Domicilio, empresas que se fueron de Sabaneta","400","20.882.199"
"2.014","2","Transporte, Comunicaciones","Cambio de Domicilio, empresas que se fueron de Sabaneta","400","20.882.199"
"2.014","1","Seguros y Finanzas","Cambio de Domicilio, empresas que se fueron de Sabaneta","400","20.882.199"
"2.014","3","Servicios","Cambio de Domicilio, empresas que se fueron de Sabaneta","400","20.882.199"
"2.014","3","Agropecuarias","Empresas Canceladas (Personas Naturales y Establecimientos de Comercio)","1.213","77.229.489"
"2.014","1","Minas y canteras","Empresas Canceladas (Personas Naturales y Establecimientos de Comercio)","1.213","77.229.489"
"2.014","53","Manufactureras","Empresas Canceladas (Personas Naturales y Establecimientos de Comercio)","1.213","77.229.489"
"2.014","0","Electricidad, Gas y vapor","Empresas Canceladas (Personas Naturales y Establecimientos de Comercio)","1.213","77.229.489"
"2.014","19","Construcción","Empresas Canceladas (Personas Naturales y Establecimientos de Comercio)","1.213","77.229.489"
"2.014","338","Comercio","Empresas Canceladas (Personas Naturales y Establecimientos de Comercio)","1.213","77.229.489"
"2.014","34","Transporte, Comunicaciones","Empresas Canceladas (Personas Naturales y Establecimientos de Comercio)","1.213","77.229.489"
"2.014","5","Seguros y Finanzas","Empresas Canceladas (Personas Naturales y Establecimientos de Comercio)","1.213","77.229.489"
"2.014","92","Servicios","Empresas Canceladas (Personas Naturales y Establecimientos de Comercio)","1.213","77.229.489"
"2.014","26","Agropecuarias","Sociedades Renovadas","25.964","4.694.907.292"
"2.014","7","Minas y canteras","Sociedades Renovadas","25.964","4.694.907.292"
"2.014","206","Manufactureras","Sociedades Renovadas","25.964","4.694.907.292"
"2.014","5","Electricidad, Gas y vapor","Sociedades Renovadas","25.964","4.694.907.292"
"2.014","110","Construcción","Sociedades Renovadas","25.964","4.694.907.292"
"2.014","385","Comercio","Sociedades Renovadas","25.964","4.694.907.292"
"2.014","99","Transporte, Comunicaciones","Sociedades Renovadas","25.964","4.694.907.292"
"2.014","99","Seguros y Finanzas","Sociedades Renovadas","25.964","4.694.907.292"
"2.014","214","Servicios","Sociedades Renovadas","25.964","4.694.907.292"
"2.014","4","Agropecuarias","Sociedades Constituidas","1.768","44.670.428"
"2.014","0","Minas y canteras","Sociedades Constituidas","1.768","44.670.428"
"2.014","1","Manufactureras","Sociedades Constituidas","1.768","44.670.428"
"2.014","13","Electricidad, Gas y vapor","Sociedades Constituidas","1.768","44.670.428"
"2.014","30","Construcción","Sociedades Constituidas","1.768","44.670.428"
"2.014","69","Comercio","Sociedades Constituidas","1.768","44.670.428"
"2.014","22","Transporte, Comunicaciones","Sociedades Constituidas","1.768","44.670.428"
"2.014","11","Seguros y Finanzas","Sociedades Constituidas","1.768","44.670.428"
"2.014","67","Servicios","Sociedades Constituidas","1.768","44.670.428"
"2.014","4","Agropecuarias","Cambio de Domicilio, empresas que llegan a Sabaneta","554","442.157.811"
"2.014","2","Minas y canteras","Cambio de Domicilio, empresas que llegan a Sabaneta","554","442.157.811"
"2.014","11","Manufactureras","Cambio de Domicilio, empresas que llegan a Sabaneta","554","442.157.811"
"2.014","0","Electricidad, Gas y vapor","Cambio de Domicilio, empresas que llegan a Sabaneta","554","442.157.811"
"2.014","1","Construcción","Cambio de Domicilio, empresas que llegan a Sabaneta","554","442.157.811"
"2.014","15","Comercio","Cambio de Domicilio, empresas que llegan a Sabaneta","554","442.157.811"
"2.014","2","Transporte, Comunicaciones","Cambio de Domicilio, empresas que llegan a Sabaneta","554","442.157.811"
"2.014","14","Seguros y Finanzas","Cambio de Domicilio, empresas que llegan a Sabaneta","554","442.157.811"
"2.014","8","Servicios","Cambio de Domicilio, empresas que llegan a Sabaneta","554","442.157.811"
"2.014","3","Agropecuarias","Empresas Liquidadas (Sociedades)","1.420","135.760.869"
"2.014","6","Manufactureras","Empresas Liquidadas (Sociedades)","1.420","135.760.869"
"2.014","0","Electricidad, Gas y vapor","Empresas Liquidadas (Sociedades)","1.420","135.760.869"
"2.014","2","Construcción","Empresas Liquidadas (Sociedades)","1.420","135.760.869"
"2.014","18","Comercio","Empresas Liquidadas (Sociedades)","1.420","135.760.869"
"2.014","5","Transporte, Comunicaciones","Empresas Liquidadas (Sociedades)","1.420","135.760.869"
"2.014","1","Seguros y Finanzas","Empresas Liquidadas (Sociedades)","1.420","135.760.869"
"2.014","6","Servicios","Empresas Liquidadas (Sociedades)","1.420","135.760.869"
"2.015","0","Agropecuarias","Cambio de Domicilio, empresas que se fueron de Sabaneta","144","36.514.412"
"2.015","0","Minas y canteras","Cambio de Domicilio, empresas que se fueron de Sabaneta","144","36.514.412"
"2.020","85","Comercio","Sociedades Constituidas","186","185.282.161"
"2.015","0","Electricidad, Gas y vapor","Cambio de Domicilio, empresas que se fueron de Sabaneta","144","36.514.412"
"2.015","1","Construcción","Cambio de Domicilio, empresas que se fueron de Sabaneta","144","36.514.412"
"2.015","9","Comercio","Cambio de Domicilio, empresas que se fueron de Sabaneta","144","36.514.412"
"2.015","1","Transporte, Comunicaciones","Cambio de Domicilio, empresas que se fueron de Sabaneta","144","36.514.412"
"2.015","1","Seguros y Finanzas","Cambio de Domicilio, empresas que se fueron de Sabaneta","144","36.514.412"
"2.015","2","Servicios","Cambio de Domicilio, empresas que se fueron de Sabaneta","144","36.514.412"
"2.015","19","Agropecuarias","Empresas Canceladas (Personas Naturales y Establecimientos de Comercio)","3.641","92.725.736"
"2.015","2","Minas y canteras","Empresas Canceladas (Personas Naturales y Establecimientos de Comercio)","3.641","92.725.736"
"2.015","258","Manufactureras","Empresas Canceladas (Personas Naturales y Establecimientos de Comercio)","3.641","92.725.736"
"2.015","8","Electricidad, Gas y vapor","Empresas Canceladas (Personas Naturales y Establecimientos de Comercio)","3.641","92.725.736"
"2.015","54","Construcción","Empresas Canceladas (Personas Naturales y Establecimientos de Comercio)","3.641","92.725.736"
"2.015","1.598","Comercio","Empresas Canceladas (Personas Naturales y Establecimientos de Comercio)","3.641","92.725.736"
"2.015","131","Transporte, Comunicaciones","Empresas Canceladas (Personas Naturales y Establecimientos de Comercio)","3.641","92.725.736"
"2.015","73","Seguros y Finanzas","Empresas Canceladas (Personas Naturales y Establecimientos de Comercio)","3.641","92.725.736"
"2.015","400","Servicios","Empresas Canceladas (Personas Naturales y Establecimientos de Comercio)","3.641","92.725.736"
"2.015","24","Agropecuarias","Sociedades Renovadas","32.885","5.079.448.264"
"2.015","7","Minas y canteras","Sociedades Renovadas","32.885","5.079.448.264"
"2.015","193","Manufactureras","Sociedades Renovadas","32.885","5.079.448.264"
"2.015","6","Electricidad, Gas y vapor","Sociedades Renovadas","32.885","5.079.448.264"
"2.015","112","Construcción","Sociedades Renovadas","32.885","5.079.448.264"
"2.015","351","Comercio","Sociedades Renovadas","32.885","5.079.448.264"
"2.015","88","Transporte, Comunicaciones","Sociedades Renovadas","32.885","5.079.448.264"
"2.015","98","Seguros y Finanzas","Sociedades Renovadas","32.885","5.079.448.264"
"2.015","201","Servicios","Sociedades Renovadas","32.885","5.079.448.264"
"2.015","2","Agropecuarias","Sociedades Constituidas","429","5.181.150"
"2.015","1","Minas y canteras","Sociedades Constituidas","429","5.181.150"
"2.015","2","Manufactureras","Sociedades Constituidas","429","5.181.150"
"2.015","15","Electricidad, Gas y vapor","Sociedades Constituidas","429","5.181.150"
"2.015","24","Construcción","Sociedades Constituidas","429","5.181.150"
"2.015","45","Comercio","Sociedades Constituidas","429","5.181.150"
"2.015","18","Transporte, Comunicaciones","Sociedades Constituidas","429","5.181.150"
"2.015","14","Seguros y Finanzas","Sociedades Constituidas","429","5.181.150"
"2.015","48","Servicios","Sociedades Constituidas","429","5.181.150"
"2.015","1","Agropecuarias","Cambio de Domicilio, empresas que llegan a Sabaneta","1.126","267.841.763"
"2.015","1","Minas y canteras","Cambio de Domicilio, empresas que llegan a Sabaneta","1.126","267.841.763"
"2.015","6","Manufactureras","Cambio de Domicilio, empresas que llegan a Sabaneta","1.126","267.841.763"
"2.015","1","Electricidad, Gas y vapor","Cambio de Domicilio, empresas que llegan a Sabaneta","1.126","267.841.763"
"2.015","3","Construcción","Cambio de Domicilio, empresas que llegan a Sabaneta","1.126","267.841.763"
"2.015","25","Comercio","Cambio de Domicilio, empresas que llegan a Sabaneta","1.126","267.841.763"
"2.015","10","Transporte, Comunicaciones","Cambio de Domicilio, empresas que llegan a Sabaneta","1.126","267.841.763"
"2.015","7","Seguros y Finanzas","Cambio de Domicilio, empresas que llegan a Sabaneta","1.126","267.841.763"
"2.015","13","Servicios","Cambio de Domicilio, empresas que llegan a Sabaneta","1.126","267.841.763"
"2.015","1","Agropecuarias","Empresas Liquidadas (Sociedades)","266","53.716.622"
"2.015","8","Manufactureras","Empresas Liquidadas (Sociedades)","266","53.716.622"
"2.015","1","Electricidad, Gas y vapor","Empresas Liquidadas (Sociedades)","266","53.716.622"
"2.015","6","Construcción","Empresas Liquidadas (Sociedades)","266","53.716.622"
"2.015","16","Comercio","Empresas Liquidadas (Sociedades)","266","53.716.622"
"2.015","1","Transporte, Comunicaciones","Empresas Liquidadas (Sociedades)","266","53.716.622"
"2.015","4","Seguros y Finanzas","Empresas Liquidadas (Sociedades)","266","53.716.622"
"2.015","14","Servicios","Empresas Liquidadas (Sociedades)","266","53.716.622"
"2.016","1","Agropecuarias","Cambio de Domicilio, empresas que se fueron de Sabaneta","3.151","266.527.667"
"2.016","0","Minas y canteras","Cambio de Domicilio, empresas que se fueron de Sabaneta","3.151","266.527.667"
"2.016","10","Manufactureras","Cambio de Domicilio, empresas que se fueron de Sabaneta","3.151","266.527.667"
"2.016","0","Electricidad, Gas y vapor","Cambio de Domicilio, empresas que se fueron de Sabaneta","3.151","266.527.667"
"2.016","6","Construcción","Cambio de Domicilio, empresas que se fueron de Sabaneta","3.151","266.527.667"
"2.016","11","Comercio","Cambio de Domicilio, empresas que se fueron de Sabaneta","3.151","266.527.667"
"2.016","4","Transporte, Comunicaciones","Cambio de Domicilio, empresas que se fueron de Sabaneta","3.151","266.527.667"
"2.016","5","Seguros y Finanzas","Cambio de Domicilio, empresas que se fueron de Sabaneta","3.151","266.527.667"
"2.016","12","Servicios","Cambio de Domicilio, empresas que se fueron de Sabaneta","3.151","266.527.667"
"2.016","7","Agropecuarias","Empresas Canceladas (Personas Naturales y Establecimientos de Comercio)","2.004","175.659.439"
"2.016","3","Minas y canteras","Empresas Canceladas (Personas Naturales y Establecimientos de Comercio)","2.004","175.659.439"
"2.016","86","Manufactureras","Empresas Canceladas (Personas Naturales y Establecimientos de Comercio)","2.004","175.659.439"
"2.016","2","Electricidad, Gas y vapor","Empresas Canceladas (Personas Naturales y Establecimientos de Comercio)","2.004","175.659.439"
"2.016","20","Construcción","Empresas Canceladas (Personas Naturales y Establecimientos de Comercio)","2.004","175.659.439"
"2.016","516","Comercio","Empresas Canceladas (Personas Naturales y Establecimientos de Comercio)","2.004","175.659.439"
"2.016","43","Transporte, Comunicaciones","Empresas Canceladas (Personas Naturales y Establecimientos de Comercio)","2.004","175.659.439"
"2.016","34","Seguros y Finanzas","Empresas Canceladas (Personas Naturales y Establecimientos de Comercio)","2.004","175.659.439"
"2.016","148","Servicios","Empresas Canceladas (Personas Naturales y Establecimientos de Comercio)","2.004","175.659.439"
"2.016","23","Agropecuarias","Sociedades Renovadas","35.300","5.612.543.087"
"2.016","9","Minas y canteras","Sociedades Renovadas","35.300","5.612.543.087"
"2.016","197","Manufactureras","Sociedades Renovadas","35.300","5.612.543.087"
"2.016","6","Electricidad, Gas y vapor","Sociedades Renovadas","35.300","5.612.543.087"
"2.016","130","Construcción","Sociedades Renovadas","35.300","5.612.543.087"
"2.016","376","Comercio","Sociedades Renovadas","35.300","5.612.543.087"
"2.016","110","Transporte, Comunicaciones","Sociedades Renovadas","35.300","5.612.543.087"
"2.016","108","Seguros y Finanzas","Sociedades Renovadas","35.300","5.612.543.087"
"2.016","218","Servicios","Sociedades Renovadas","35.300","5.612.543.087"
"2.016","3","Agropecuarias","Sociedades Constituidas","535","187.134.768"
"2.016","2","Minas y canteras","Sociedades Constituidas","535","187.134.768"
"2.016","0","Manufactureras","Sociedades Constituidas","535","187.134.768"
"2.016","23","Electricidad, Gas y vapor","Sociedades Constituidas","535","187.134.768"
"2.016","37","Construcción","Sociedades Constituidas","535","187.134.768"
"2.016","85","Comercio","Sociedades Constituidas","535","187.134.768"
"2.016","19","Transporte, Comunicaciones","Sociedades Constituidas","535","187.134.768"
"2.016","22","Seguros y Finanzas","Sociedades Constituidas","535","187.134.768"
"2.016","75","Servicios","Sociedades Constituidas","535","187.134.768"
"2.016","1","Agropecuarias","Cambio de Domicilio, empresas que llegan a Sabaneta","363","35.697.989"
"2.016","0","Minas y canteras","Cambio de Domicilio, empresas que llegan a Sabaneta","363","35.697.989"
"2.016","7","Manufactureras","Cambio de Domicilio, empresas que llegan a Sabaneta","363","35.697.989"
"2.016","0","Electricidad, Gas y vapor","Cambio de Domicilio, empresas que llegan a Sabaneta","363","35.697.989"
"2.016","9","Construcción","Cambio de Domicilio, empresas que llegan a Sabaneta","363","35.697.989"
"2.016","21","Comercio","Cambio de Domicilio, empresas que llegan a Sabaneta","363","35.697.989"
"2.016","3","Transporte, Comunicaciones","Cambio de Domicilio, empresas que llegan a Sabaneta","363","35.697.989"
"2.016","6","Seguros y Finanzas","Cambio de Domicilio, empresas que llegan a Sabaneta","363","35.697.989"
"2.016","9","Servicios","Cambio de Domicilio, empresas que llegan a Sabaneta","363","35.697.989"
"2.016","1","Agropecuarias","Empresas Liquidadas (Sociedades)","69","89.421.601"
"2.016","6","Manufactureras","Empresas Liquidadas (Sociedades)","69","89.421.601"
"2.016","0","Electricidad, Gas y vapor","Empresas Liquidadas (Sociedades)","69","89.421.601"
"2.016","3","Construcción","Empresas Liquidadas (Sociedades)","69","89.421.601"
"2.016","13","Comercio","Empresas Liquidadas (Sociedades)","69","89.421.601"
"2.016","4","Transporte, Comunicaciones","Empresas Liquidadas (Sociedades)","69","89.421.601"
"2.016","4","Seguros y Finanzas","Empresas Liquidadas (Sociedades)","69","89.421.601"
"2.016","12","Servicios","Empresas Liquidadas (Sociedades)","69","89.421.601"
"2.017","1","Agropecuarias","Cambio de Domicilio, empresas que se fueron de Sabaneta","656","111.493.616"
"2.017","1","Minas y canteras","Cambio de Domicilio, empresas que se fueron de Sabaneta","656","111.493.616"
"2.017","2","Manufactureras","Cambio de Domicilio, empresas que se fueron de Sabaneta","656","111.493.616"
"2.017","0","Electricidad, Gas y vapor","Cambio de Domicilio, empresas que se fueron de Sabaneta","656","111.493.616"
"2.017","5","Construcción","Cambio de Domicilio, empresas que se fueron de Sabaneta","656","111.493.616"
"2.017","16","Comercio","Cambio de Domicilio, empresas que se fueron de Sabaneta","656","111.493.616"
"2.017","2","Transporte, Comunicaciones","Cambio de Domicilio, empresas que se fueron de Sabaneta","656","111.493.616"
"2.017","4","Seguros y Finanzas","Cambio de Domicilio, empresas que se fueron de Sabaneta","656","111.493.616"
"2.017","12","Servicios","Cambio de Domicilio, empresas que se fueron de Sabaneta","656","111.493.616"
"2.017","7","Agropecuarias","Empresas Canceladas (Personas Naturales y Establecimientos de Comercio)","1.580","142.587.029"
"2.017","1","Minas y canteras","Empresas Canceladas (Personas Naturales y Establecimientos de Comercio)","1.580","142.587.029"
"2.017","81","Manufactureras","Empresas Canceladas (Personas Naturales y Establecimientos de Comercio)","1.580","142.587.029"
"2.017","0","Electricidad, Gas y vapor","Empresas Canceladas (Personas Naturales y Establecimientos de Comercio)","1.580","142.587.029"
"2.017","36","Construcción","Empresas Canceladas (Personas Naturales y Establecimientos de Comercio)","1.580","142.587.029"
"2.017","546","Comercio","Empresas Canceladas (Personas Naturales y Establecimientos de Comercio)","1.580","142.587.029"
"2.017","48","Transporte, Comunicaciones","Empresas Canceladas (Personas Naturales y Establecimientos de Comercio)","1.580","142.587.029"
"2.017","32","Seguros y Finanzas","Empresas Canceladas (Personas Naturales y Establecimientos de Comercio)","1.580","142.587.029"
"2.017","163","Servicios","Empresas Canceladas (Personas Naturales y Establecimientos de Comercio)","1.580","142.587.029"
"2.017","24","Agropecuarias","Sociedades Renovadas","23.519","6.221.014.007"
"2.017","7","Minas y canteras","Sociedades Renovadas","23.519","6.221.014.007"
"2.017","303","Manufactureras","Sociedades Renovadas","23.519","6.221.014.007"
"2.017","5","Electricidad, Gas y vapor","Sociedades Renovadas","23.519","6.221.014.007"
"2.017","148","Construcción","Sociedades Renovadas","23.519","6.221.014.007"
"2.017","303","Comercio","Sociedades Renovadas","23.519","6.221.014.007"
"2.017","117","Transporte, Comunicaciones","Sociedades Renovadas","23.519","6.221.014.007"
"2.017","122","Seguros y Finanzas","Sociedades Renovadas","23.519","6.221.014.007"
"2.017","252","Servicios","Sociedades Renovadas","23.519","6.221.014.007"
"2.017","1","Agropecuarias","Sociedades Constituidas","451","12.543.278"
"2.017","18","Minas y canteras","Sociedades Constituidas","451","12.543.278"
"2.017","2","Manufactureras","Sociedades Constituidas","451","12.543.278"
"2.017","1","Electricidad, Gas y vapor","Sociedades Constituidas","451","12.543.278"
"2.017","35","Construcción","Sociedades Constituidas","451","12.543.278"
"2.017","72","Comercio","Sociedades Constituidas","451","12.543.278"
"2.017","26","Transporte, Comunicaciones","Sociedades Constituidas","451","12.543.278"
"2.017","24","Seguros y Finanzas","Sociedades Constituidas","451","12.543.278"
"2.017","76","Servicios","Sociedades Constituidas","451","12.543.278"
"2.017","1","Agropecuarias","Cambio de Domicilio, empresas que llegan a Sabaneta","2.275","77.469.795"
"2.017","0","Minas y canteras","Cambio de Domicilio, empresas que llegan a Sabaneta","2.275","77.469.795"
"2.017","6","Manufactureras","Cambio de Domicilio, empresas que llegan a Sabaneta","2.275","77.469.795"
"2.017","1","Electricidad, Gas y vapor","Cambio de Domicilio, empresas que llegan a Sabaneta","2.275","77.469.795"
"2.017","5","Construcción","Cambio de Domicilio, empresas que llegan a Sabaneta","2.275","77.469.795"
"2.017","17","Comercio","Cambio de Domicilio, empresas que llegan a Sabaneta","2.275","77.469.795"
"2.017","9","Transporte, Comunicaciones","Cambio de Domicilio, empresas que llegan a Sabaneta","2.275","77.469.795"
"2.017","4","Seguros y Finanzas","Cambio de Domicilio, empresas que llegan a Sabaneta","2.275","77.469.795"
"2.017","14","Servicios","Cambio de Domicilio, empresas que llegan a Sabaneta","2.275","77.469.795"
"2.017","1","Agropecuarias","Empresas Liquidadas (Sociedades)","185","36.628.537"
"2.017","4","Manufactureras","Empresas Liquidadas (Sociedades)","185","36.628.537"
"2.017","0","Electricidad, Gas y vapor","Empresas Liquidadas (Sociedades)","185","36.628.537"
"2.017","8","Construcción","Empresas Liquidadas (Sociedades)","185","36.628.537"
"2.017","15","Comercio","Empresas Liquidadas (Sociedades)","185","36.628.537"
"2.017","4","Transporte, Comunicaciones","Empresas Liquidadas (Sociedades)","185","36.628.537"
"2.017","4","Seguros y Finanzas","Empresas Liquidadas (Sociedades)","185","36.628.537"
"2.017","16","Servicios","Empresas Liquidadas (Sociedades)","185","36.628.537"
"2.018","0","Agropecuarias","Cambio de Domicilio, empresas que se fueron de Sabaneta","810","310.836.000"
"2.018","1","Minas y canteras","Cambio de Domicilio, empresas que se fueron de Sabaneta","810","310.836.000"
"2.018","7","Manufactureras","Cambio de Domicilio, empresas que se fueron de Sabaneta","810","310.836.000"
"2.018","2","Electricidad, Gas y vapor","Cambio de Domicilio, empresas que se fueron de Sabaneta","810","310.836.000"
"2.018","3","Construcción","Cambio de Domicilio, empresas que se fueron de Sabaneta","810","310.836.000"
"2.018","11","Comercio","Cambio de Domicilio, empresas que se fueron de Sabaneta","810","310.836.000"
"2.018","3","Transporte, Comunicaciones","Cambio de Domicilio, empresas que se fueron de Sabaneta","810","310.836.000"
"2.018","14","Seguros y Finanzas","Cambio de Domicilio, empresas que se fueron de Sabaneta","810","310.836.000"
"2.018","11","Servicios","Cambio de Domicilio, empresas que se fueron de Sabaneta","810","310.836.000"
"2.018","1","Agropecuarias","Empresas Canceladas (Personas Naturales y Establecimientos de Comercio)","1.928","329.791.779"
"2.018","1","Minas y canteras","Empresas Canceladas (Personas Naturales y Establecimientos de Comercio)","1.928","329.791.779"
"2.018","123","Manufactureras","Empresas Canceladas (Personas Naturales y Establecimientos de Comercio)","1.928","329.791.779"
"2.018","4","Electricidad, Gas y vapor","Empresas Canceladas (Personas Naturales y Establecimientos de Comercio)","1.928","329.791.779"
"2.018","19","Construcción","Empresas Canceladas (Personas Naturales y Establecimientos de Comercio)","1.928","329.791.779"
"2.018","496","Comercio","Empresas Canceladas (Personas Naturales y Establecimientos de Comercio)","1.928","329.791.779"
"2.018","39","Transporte, Comunicaciones","Empresas Canceladas (Personas Naturales y Establecimientos de Comercio)","1.928","329.791.779"
"2.018","27","Seguros y Finanzas","Empresas Canceladas (Personas Naturales y Establecimientos de Comercio)","1.928","329.791.779"
"2.018","217","Servicios","Empresas Canceladas (Personas Naturales y Establecimientos de Comercio)","1.928","329.791.779"
"2.018","25","Agropecuarias","Sociedades Renovadas","32.013","6.638.763.362"
"2.018","9","Minas y canteras","Sociedades Renovadas","32.013","6.638.763.362"
"2.018","299","Manufactureras","Sociedades Renovadas","32.013","6.638.763.362"
"2.018","6","Electricidad, Gas y vapor","Sociedades Renovadas","32.013","6.638.763.362"
"2.018","160","Construcción","Sociedades Renovadas","32.013","6.638.763.362"
"2.018","326","Comercio","Sociedades Renovadas","32.013","6.638.763.362"
"2.018","132","Transporte, Comunicaciones","Sociedades Renovadas","32.013","6.638.763.362"
"2.018","137","Seguros y Finanzas","Sociedades Renovadas","32.013","6.638.763.362"
"2.018","280","Servicios","Sociedades Renovadas","32.013","6.638.763.362"
"2.018","1","Agropecuarias","Sociedades Constituidas","51","7.580.929"
"2.018","27","Minas y canteras","Sociedades Constituidas","51","7.580.929"
"2.018","1","Manufactureras","Sociedades Constituidas","51","7.580.929"
"2.018","2","Electricidad, Gas y vapor","Sociedades Constituidas","51","7.580.929"
"2.018","21","Construcción","Sociedades Constituidas","51","7.580.929"
"2.018","68","Comercio","Sociedades Constituidas","51","7.580.929"
"2.018","33","Transporte, Comunicaciones","Sociedades Constituidas","51","7.580.929"
"2.018","27","Seguros y Finanzas","Sociedades Constituidas","51","7.580.929"
"2.018","59","Servicios","Sociedades Constituidas","51","7.580.929"
"2.018","0","Agropecuarias","Cambio de Domicilio, empresas que llegan a Sabaneta","171","50.583.540"
"2.018","0","Minas y canteras","Cambio de Domicilio, empresas que llegan a Sabaneta","171","50.583.540"
"2.018","7","Manufactureras","Cambio de Domicilio, empresas que llegan a Sabaneta","171","50.583.540"
"2.018","0","Electricidad, Gas y vapor","Cambio de Domicilio, empresas que llegan a Sabaneta","171","50.583.540"
"2.018","4","Construcción","Cambio de Domicilio, empresas que llegan a Sabaneta","171","50.583.540"
"2.018","14","Comercio","Cambio de Domicilio, empresas que llegan a Sabaneta","171","50.583.540"
"2.018","5","Transporte, Comunicaciones","Cambio de Domicilio, empresas que llegan a Sabaneta","171","50.583.540"
"2.018","2","Seguros y Finanzas","Cambio de Domicilio, empresas que llegan a Sabaneta","171","50.583.540"
"2.018","17","Servicios","Cambio de Domicilio, empresas que llegan a Sabaneta","171","50.583.540"
"2.018","0","Agropecuarias","Empresas Liquidadas (Sociedades)","32","10.495.642"
"2.018","3","Manufactureras","Empresas Liquidadas (Sociedades)","32","10.495.642"
"2.018","0","Electricidad, Gas y vapor","Empresas Liquidadas (Sociedades)","32","10.495.642"
"2.018","8","Construcción","Empresas Liquidadas (Sociedades)","32","10.495.642"
"2.018","13","Comercio","Empresas Liquidadas (Sociedades)","32","10.495.642"
"2.018","3","Transporte, Comunicaciones","Empresas Liquidadas (Sociedades)","32","10.495.642"
"2.018","7","Seguros y Finanzas","Empresas Liquidadas (Sociedades)","32","10.495.642"
"2.018","12","Servicios","Empresas Liquidadas (Sociedades)","32","10.495.642"
"2.019","0","Agropecuarias","Cambio de Domicilio, empresas que se fueron de Sabaneta","431","87.075.985"
"2.019","0","Minas y canteras","Cambio de Domicilio, empresas que se fueron de Sabaneta","431","87.075.985"
"2.019","12","Manufactureras","Cambio de Domicilio, empresas que se fueron de Sabaneta","431","87.075.985"
"2.019","0","Electricidad, Gas y vapor","Cambio de Domicilio, empresas que se fueron de Sabaneta","431","87.075.985"
"2.019","4","Construcción","Cambio de Domicilio, empresas que se fueron de Sabaneta","431","87.075.985"
"2.019","14","Comercio","Cambio de Domicilio, empresas que se fueron de Sabaneta","431","87.075.985"
"2.019","5","Transporte, Comunicaciones","Cambio de Domicilio, empresas que se fueron de Sabaneta","431","87.075.985"
"2.019","3","Seguros y Finanzas","Cambio de Domicilio, empresas que se fueron de Sabaneta","431","87.075.985"
"2.019","11","Servicios","Cambio de Domicilio, empresas que se fueron de Sabaneta","431","87.075.985"
"2.019","3","Agropecuarias","Cambio de Domicilio, empresas que llegan a Sabaneta","754","128.477.419"
"2.019","0","Minas y canteras","Cambio de Domicilio, empresas que llegan a Sabaneta","754","128.477.419"
"2.019","9","Manufactureras","Cambio de Domicilio, empresas que llegan a Sabaneta","754","128.477.419"
"2.019","1","Electricidad, Gas y vapor","Cambio de Domicilio, empresas que llegan a Sabaneta","754","128.477.419"
"2.019","8","Construcción","Cambio de Domicilio, empresas que llegan a Sabaneta","754","128.477.419"
"2.019","20","Comercio","Cambio de Domicilio, empresas que llegan a Sabaneta","754","128.477.419"
"2.019","6","Transporte, Comunicaciones","Cambio de Domicilio, empresas que llegan a Sabaneta","754","128.477.419"
"2.019","7","Seguros y Finanzas","Cambio de Domicilio, empresas que llegan a Sabaneta","754","128.477.419"
"2.019","8","Servicios","Cambio de Domicilio, empresas que llegan a Sabaneta","754","128.477.419"
"2.019","0","Agropecuarias","Empresas Liquidadas (Sociedades)","104","10.725.912"
"2.019","7","Manufactureras","Empresas Liquidadas (Sociedades)","104","10.725.912"
"2.019","1","Electricidad, Gas y vapor","Empresas Liquidadas (Sociedades)","104","10.725.912"
"2.019","8","Construcción","Empresas Liquidadas (Sociedades)","104","10.725.912"
"2.019","15","Comercio","Empresas Liquidadas (Sociedades)","104","10.725.912"
"2.019","16","Transporte, Comunicaciones","Empresas Liquidadas (Sociedades)","104","10.725.912"
"2.019","2","Seguros y Finanzas","Empresas Liquidadas (Sociedades)","104","10.725.912"
"2.019","18","Servicios","Empresas Liquidadas (Sociedades)","104","10.725.912"
"2.019","9","Agropecuarias","Empresas Canceladas (Personas Naturales y Establecimientos de Comercio)","374","3.336.413"
"2.019","0","Minas y canteras","Empresas Canceladas (Personas Naturales y Establecimientos de Comercio)","374","3.336.413"
"2.019","120","Manufactureras","Empresas Canceladas (Personas Naturales y Establecimientos de Comercio)","374","3.336.413"
"2.019","1","Electricidad, Gas y vapor","Empresas Canceladas (Personas Naturales y Establecimientos de Comercio)","374","3.336.413"
"2.019","28","Construcción","Empresas Canceladas (Personas Naturales y Establecimientos de Comercio)","374","3.336.413"
"2.019","530","Comercio","Empresas Canceladas (Personas Naturales y Establecimientos de Comercio)","374","3.336.413"
"2.019","41","Transporte, Comunicaciones","Empresas Canceladas (Personas Naturales y Establecimientos de Comercio)","374","3.336.413"
"2.019","21","Seguros y Finanzas","Empresas Canceladas (Personas Naturales y Establecimientos de Comercio)","374","3.336.413"
"2.019","204","Servicios","Empresas Canceladas (Personas Naturales y Establecimientos de Comercio)","374","3.336.413"
"2.019","22","Agropecuarias","Sociedades Renovadas","33.063","7.703.488.998"
"2.019","8","Minas y canteras","Sociedades Renovadas","33.063","7.703.488.998"
"2.019","307","Manufactureras","Sociedades Renovadas","33.063","7.703.488.998"
"2.019","6","Electricidad, Gas y vapor","Sociedades Renovadas","33.063","7.703.488.998"
"2.019","167","Construcción","Sociedades Renovadas","33.063","7.703.488.998"
"2.019","329","Comercio","Sociedades Renovadas","33.063","7.703.488.998"
"2.019","152","Transporte, Comunicaciones","Sociedades Renovadas","33.063","7.703.488.998"
"2.019","141","Seguros y Finanzas","Sociedades Renovadas","33.063","7.703.488.998"
"2.019","294","Servicios","Sociedades Renovadas","33.063","7.703.488.998"
"2.019","12","Agropecuarias","Sociedades Constituidas","288","7.918.351"
"2.019","1","Minas y canteras","Sociedades Constituidas","288","7.918.351"
"2.019","35","Manufactureras","Sociedades Constituidas","288","7.918.351"
"2.019","5","Electricidad, Gas y vapor","Sociedades Constituidas","288","7.918.351"
"2.019","27","Construcción","Sociedades Constituidas","288","7.918.351"
"2.019","79","Comercio","Sociedades Constituidas","288","7.918.351"
"2.019","46","Transporte, Comunicaciones","Sociedades Constituidas","288","7.918.351"
"2.019","24","Seguros y Finanzas","Sociedades Constituidas","288","7.918.351"
"2.019","94","Servicios","Sociedades Constituidas","288","7.918.351"
"2.020","1","Agropecuarias","Cambio de Domicilio, empresas que se fueron de Sabaneta","10","283.403.681"
"2.020","0","Minas y canteras","Cambio de Domicilio, empresas que se fueron de Sabaneta","10","283.403.681"
"2.020","4","Manufactureras","Cambio de Domicilio, empresas que se fueron de Sabaneta","10","283.403.681"
"2.020","0","Electricidad, Gas y vapor","Cambio de Domicilio, empresas que se fueron de Sabaneta","10","283.403.681"
"2.020","0","Construcción","Cambio de Domicilio, empresas que se fueron de Sabaneta","10","283.403.681"
"2.020","5","Comercio","Cambio de Domicilio, empresas que se fueron de Sabaneta","10","283.403.681"
"2.020","0","Transporte, Comunicaciones","Cambio de Domicilio, empresas que se fueron de Sabaneta","10","283.403.681"
"2.020","3","Seguros y Finanzas","Cambio de Domicilio, empresas que se fueron de Sabaneta","10","283.403.681"
"2.020","7","Servicios","Cambio de Domicilio, empresas que se fueron de Sabaneta","10","283.403.681"
"2.020","0","Agropecuarias","Cambio de Domicilio, empresas que llegan a Sabaneta","423","131.827.402"
"2.020","0","Minas y canteras","Cambio de Domicilio, empresas que llegan a Sabaneta","423","131.827.402"
"2.020","8","Manufactureras","Cambio de Domicilio, empresas que llegan a Sabaneta","423","131.827.402"
"2.020","0","Electricidad, Gas y vapor","Cambio de Domicilio, empresas que llegan a Sabaneta","423","131.827.402"
"2.020","7","Construcción","Cambio de Domicilio, empresas que llegan a Sabaneta","423","131.827.402"
"2.020","10","Comercio","Cambio de Domicilio, empresas que llegan a Sabaneta","423","131.827.402"
"2.020","4","Transporte, Comunicaciones","Cambio de Domicilio, empresas que llegan a Sabaneta","423","131.827.402"
"2.020","4","Seguros y Finanzas","Cambio de Domicilio, empresas que llegan a Sabaneta","423","131.827.402"
"2.020","11","Servicios","Cambio de Domicilio, empresas que llegan a Sabaneta","423","131.827.402"
"2.020","0","Agropecuarias","Empresas Liquidadas (Sociedades)","31","10.056.027"
"2.020","0","Minas y canteras","Empresas Liquidadas (Sociedades)","31","10.056.027"
"2.020","4","Manufactureras","Empresas Liquidadas (Sociedades)","31","10.056.027"
"2.020","0","Electricidad, Gas y vapor","Empresas Liquidadas (Sociedades)","31","10.056.027"
"2.020","0","Construcción","Empresas Liquidadas (Sociedades)","31","10.056.027"
"2.020","23","Comercio","Empresas Liquidadas (Sociedades)","31","10.056.027"
"2.020","2","Transporte, Comunicaciones","Empresas Liquidadas (Sociedades)","31","10.056.027"
"2.020","0","Seguros y Finanzas","Empresas Liquidadas (Sociedades)","31","10.056.027"
"2.020","14","Servicios","Empresas Liquidadas (Sociedades)","31","10.056.027"
"2.020","10","Agropecuarias","Empresas Canceladas (Personas Naturales y Establecimientos de Comercio)","1.519","157.995.415"
"2.020","1","Minas y canteras","Empresas Canceladas (Personas Naturales y Establecimientos de Comercio)","1.519","157.995.415"
"2.020","92","Manufactureras","Empresas Canceladas (Personas Naturales y Establecimientos de Comercio)","1.519","157.995.415"
"2.020","4","Electricidad, Gas y vapor","Empresas Canceladas (Personas Naturales y Establecimientos de Comercio)","1.519","157.995.415"
"2.020","26","Construcción","Empresas Canceladas (Personas Naturales y Establecimientos de Comercio)","1.519","157.995.415"
"2.020","529","Comercio","Empresas Canceladas (Personas Naturales y Establecimientos de Comercio)","1.519","157.995.415"
"2.020","31","Transporte, Comunicaciones","Empresas Canceladas (Personas Naturales y Establecimientos de Comercio)","1.519","157.995.415"
"2.020","32","Seguros y Finanzas","Empresas Canceladas (Personas Naturales y Establecimientos de Comercio)","1.519","157.995.415"
"2.020","219","Servicios","Empresas Canceladas (Personas Naturales y Establecimientos de Comercio)","1.519","157.995.415"
"2.020","32","Agropecuarias","Sociedades Renovadas","31.514","9.044.483.592"
"2.020","7","Minas y canteras","Sociedades Renovadas","31.514","9.044.483.592"
"2.020","288","Manufactureras","Sociedades Renovadas","31.514","9.044.483.592"
"2.020","12","Electricidad, Gas y vapor","Sociedades Renovadas","31.514","9.044.483.592"
"2.020","165","Construcción","Sociedades Renovadas","31.514","9.044.483.592"
"2.020","333","Comercio","Sociedades Renovadas","31.514","9.044.483.592"
"2.020","163","Transporte, Comunicaciones","Sociedades Renovadas","31.514","9.044.483.592"
"2.020","148","Seguros y Finanzas","Sociedades Renovadas","31.514","9.044.483.592"
"2.020","306","Servicios","Sociedades Renovadas","31.514","9.044.483.592"
"2.020","11","Agropecuarias","Sociedades Constituidas","9","185.282.161"
"2.020","1","Minas y canteras","Sociedades Constituidas","0","185.282.161"
"2.020","40","Manufactureras","Sociedades Constituidas","169","185.282.161"
"2.020","0","Electricidad, Gas y vapor","Sociedades Constituidas","0","185.282.161"
"2.020","40","Construcción","Sociedades Constituidas","123","185.282.161"
"2.020","39","Transporte, Comunicaciones","Sociedades Constituidas","49","185.282.161"
"2.020","31","Seguros y Finanzas","Sociedades Constituidas","24","185.282.161"
"2.020","72","Servicios","Sociedades Constituidas","116","185.282.161"
